Animal ID,Metapopulation,Range,PCV,TP,BUN,Creatinine,Glucose,Cholesterol,Triglycerides,TotalProtein,Albumin,Bilirubin,CK,GGT,AST,Sodium,Potassium,Chloride,Calcium,Phosphorus,Magnesium,tCO2,BhbA,NonEsterfiedFattyAcids,AnionGap,SDH
DEBS2020-003-001,Mojave,Newberry,63,8,15,1.6,114,51,125,7.3,4.2,0.3,168,12,75,161,4.6,106,10,6.2,2.8,5.9,1.79,0.12,53.7,NA
DEBS2020-003-002,Mojave,Newberry,57,8.6,15,1.7,158,37,204,6.5,4,0.2,973,52,132,154,5.3,96,11.1,7.5,3,4,2.21,0.08,59.3,NA
DEBS2020-003-003,Mojave,Newberyy,78,9.6,9,2.3,141,67,64,7.7,4.4,0.3,122,38,107,163,7.1,106,11.5,6.2,3.7,8.2,1.77,0.15,55.9,NA
DEBS2020-003-004,Mojave,Newberry,39,8.1,14,1.7,155,39,97,6.9,4.2,0.2,180,14,75,164,5.6,109,10.9,5,3.1,3.4,3.11,0.12,57.2,NA
DEBS2020-003-005,Mojave,Newberry,58,9,8,1.8,153,38,84,8,3.9,0.2,127,38,67,157,5.2,104,10.9,6.6,3.4,4.3,2.85,0.12,53.9,29.9
DEBS2020-003-006,Mojave,Newberry poly 3,51,8.1,12,1.6,131,42,238,7.2,4.3,0.2,214,50,194,157,5.2,96,10.4,6.5,3.2,2.8,3.02,0.1,63.4,NA
DEBS2020-003-007,Mojave,Newberry Poly 3,63,8.3,10,1.9,152,32,169,6.9,4.1,0.2,268,51,111,158,4.6,100,10.4,4.2,3,5.6,2.23,0.25,57,NA
DEBS2020-003-008,Mojave,Newberry Poly 4,58,7.6,13,1.5,114,49,228,6.6,4.2,0.3,535,24,73,152,4.8,97,10.6,5.3,2.7,7.3,2.38,0.09,52.5,NA
DEBS2020-003-009,Mojave,Newberry Poly 4,64,8.3,12,1.8,120,49,276,7.3,4.2,0.3,477,45,125,156,5.7,99,10.6,6.8,3.2,2.2,2.25,0.11,60.1,NA
DEBS2020-003-010,Mojave,Newberry,34,7.9,11,1.5,146,40,169,7.4,3.5,0.3,625,22,57,147,4.5,98,10.1,4.4,2.8,6.2,1.64,0.1,47.3,NA
DEBS2020-003-011,Mojave,Newberry,52,7.5,15,2.2,135,39,431,6.4,3.9,0.2,656,56,122,151,4.2,97,10.6,5.2,3,10.9,1.44,0.11,47.3,NA
DEBS2020-003-012,Mojave,Newberry,48,7.1,11,2,117,51,100,7.5,4.3,0.2,234,39,103,156,6,103,11.5,5.5,3.2,3.3,2.93,0.21,55.7,NA
DEBS2020-003-013,Mojave,Newberry,62,7.7,13,1.8,107,43,214,6.2,3.7,0.2,1364,20,83,151,4.3,101,9.9,4.7,2.7,10,2.15,0.14,44.3,NA
DEBS2020-003-014,Mojave,Marbles,56,7.5,10,1.6,126,51,228,6.3,3.7,0.3,842,75,223,144,5.1,94,10.1,6.5,2.6,10.2,3.04,0.1,44.9,NA
DEBS2020-003-015,Mojave,Newberry,47,7.1,11,1.6,184,32,183,6.6,3.6,0.2,316,28,66,147,4.3,99,10.6,4.3,3,10.8,3.84,0.12,41.5,NA
DEBS2020-003-016,Mojave,Marbles,47,7.5,12,1.9,114,51,174,6.8,3.3,0.3,390,56,115,146,5.1,101,10.3,6.6,3,3.3,3.51,0.09,46.8,NA
DEBS2020-003-017,Mojave,Marbles,66,7.4,14,2,141,51,221,6.4,3.5,0.2,905,42,120,155,4.8,98,10.1,6.2,3,7,2.7,0.12,54.8,NA
DEBS2020-003-018,Mojave,North South Bristol,36,8.1,12,1.7,186,58,307,7.5,4,0.3,1060,75,193,157,5.8,98,10.5,5,3.2,2.1,2.29,0.08,62.7,NA
DEBS2020-003-019,Mojave,BrsS North,45,7.4,14,1.5,178,34,292,6.5,3.5,0.2,837,137,490,149,5.1,95,10.4,5.4,3.2,5.3,3.34,0.08,53.8,NA
DEBS2020-003-020,Mojave,South Soda,53,8.4,16,1.5,134,38,144,7.5,4.2,0.3,240,34,64,150,4.7,101,10.4,3.5,3.5,13.6,3.12,0.25,40.1,NA
DEBS2020-003-021,Mojave,Marbles,47,8.2,11,1.7,128,52,78,7.5,3.4,0.2,109,75,107,155,5.4,106,10.5,4.8,3.6,4.6,2.43,0.13,49.8,101.1
DEBS2020-003-022,Mojave,Marbles,51,8.1,14,1.5,130,53,78,7.2,3.6,0.3,211,23,55,159,5.3,109,9.2,4.6,4,4.9,2.28,0.14,50.4,NA
DEBS2020-003-023,Mojave,Marbles,47,7.9,13,1.6,127,49,178,6.7,3.9,0.3,602,45,137,158,5.6,107,10.4,6.4,2.8,2.2,3.07,0.09,54.4,NA
DEBS2020-003-024,Mojave,Marbles,64,8.5,11,1.6,146,65,227,7.2,4.1,0.3,620,62,139,157,5.4,101,10.5,7.1,3,3.2,3.57,0.1,58.2,NA
DEBS2020-003-025,Mojave,Marbles,70,8.1,10,1.5,100,73,226,7.1,3.9,0.4,367,36,85,152,5.1,101,10.1,5.2,3,7.4,3.05,0.11,48.7,NA
DEBS2020-003-026,Mojave,Marbles,56,7.4,11,1.8,95,5.2,286,6.8,3.6,0.2,349,47,89,155,4.6,100,9.9,4.8,2.8,7.6,3.12,0.13,52,32.7
DEBS2020-003-027,Mojave,Marbles,69,9.3,15,1.7,138,76,299,8,4.3,0.5,228,46,146,158,6.7,99,10.5,8.1,3.1,2,4.11,0.09,63.7,NA
DEBS2020-003-028,Mojave,Marbles,64,7.8,13,1.5,159,42,197,7,3.8,0.3,469,123,200,155,5.2,99,10.2,5.9,2.9,4.9,3.69,0.11,56.3,NA
DEBS2020-003-029,Mojave,Kerr Spur,64,7.9,6,1.5,177,42,243,7.6,3.8,0.2,228,48,93,156,4.4,99,10,4.4,2.8,7.5,2.39,0.09,53.9,32.9
DEBS2020-003-030,Mojave,Old Dad,36,8.1,6,1.8,120,25,68,7.7,3.6,0.2,638,40,79,148,4.2,94,9.3,8,3.8,16.5,2.82,0.7,41.7,30.3
DEBS2020-003-031,Mojave,Marbles,48,7.8,8,2.1,142,47,104,7.9,4.1,0.3,94,26,75,161,5.9,108,11.3,6,3,2.4,2.69,0.14,56.5,19.4
DEBS2020-003-032,Mojave,Marb,53,8.8,12,2.3,167,55,78,7.1,4,0.3,130,56,124,167,5.4,110,11.1,5.3,3.2,4.4,3.24,0.2,58,NA
DEBS2020-003-033,Mojave,South Sodas,55,7.9,18,1.7,124,58,263,7.2,4.3,0.3,189,26,68,160,4.1,105,9.9,5,2.9,3.8,2.58,0.13,55.3,NA
DEBS2020-003-034,Mojave,BrsS,47,8.5,15,1.7,79,53,48,7.7,4.1,0.3,904,28,136,163,6,112,11,6.6,4.5,9.6,15.5,2.41,0.52,47.4
DEBS2020-003-035,Mojave,BrsS,46,6.9,12,1.3,123,71,114,6.2,4,0.6,397,40,173,149,5.3,98,10.2,5.7,2.9,9.7,2.07,0.15,46.6,NA
DEBS2020-003-036,Mojave,BrsS,48,7.4,17,1.7,138,44,68,6.5,3.8,0.2,196,40,109,159,5.8,108,11.1,6.1,3.2,3.8,2.28,0.16,53,NA
DEBS2020-003-037,Mojave,Old Dad Peak,54,8.3,11,1.3,127,50,52,8.1,4.3,0.4,821,23,90,156,5.8,103,9.8,6.2,3.7,4.8,2.27,0.21,54,NA
DEBS2020-003-038,Mojave,BrsS,50,7.5,9,1.8,131,52,123,6.9,4.2,0.3,325,35,115,169,5.9,113,11.3,7.1,3.5,6,3.35,0.09,55.9,NA
DEBS2020-003-039,Mojave,BrsS,56,7.6,14,1.6,103,58,72,6.9,3.7,0.3,234,36,101,161,5.5,106,9.8,6.9,3.3,8.9,2.27,0.12,51.6,NA
DEBS2020-003-040,Mojave,BrsS,62,7.3,12,1.6,101,45,109,6.4,4,0.3,329,20,56,154,6.3,100,11,6,3.5,3.3,2.67,0.09,57,NA
DEBS2020-003-041,Mojave,BrsS,47,7.6,12,1.7,135,50,76,7.2,3.8,0.2,729,33,103,158,5.1,103,10.2,7.4,4,6.5,2.66,0.14,53.6,27.1
DEBS2020-003-042,Mojave,BrsS,59,9.2,9,1.4,83,61,74,8.7,4.1,0.3,194,24,75,158,5.8,111,10.8,6.9,3,5.9,2.6,0.1,46.9,NA
DEBS2020-003-043,Mojave,Old Dad,53,7.8,7,1.6,137,69,175,7.2,4.1,0.4,2945,157,295,156,6.3,103,10.1,7.6,3.7,1.7,3.58,0.07,57.6,NA
DEBS2020-003-044,Mojave,Old Dad,46,7.7,5,1.5,121,58,65,7.2,4.1,0.3,241,51,242,156,5.5,106,10.8,6.5,3.2,6.9,3.37,0.13,48.6,NA
DEBS2020-003-045,Mojave,South Soda,48,6.8,13,1.6,143,39,199,6.4,3.8,0.2,785,24,73,146,4.8,99,9.8,5.5,2.7,13,2.31,0.26,38.8,NA
DEBS2020-003-046,Mojave,Old Dad,57,8.2,14,1.6,146,46,354,7.5,4,0.2,584,76,177,154,5.5,99,10.5,6.2,3.3,5.4,1.93,0.09,55.1,NA
DEBS2020-003-047,Mojave,South Sodas,47,9.3,19,1.7,149,39,164,8.7,3.8,0.2,189,33,74,155,5.3,100,10.1,5.7,3.3,5.6,1.46,0.13,54.7,NA
DEBS2020-003-048,Mojave,Old dad peak,54,7.6,6,1.5,122,50,143,6.9,4,0.3,325,36,114,157,6.6,102,10.5,5.9,3.3,2.4,3.19,0.15,59.2,NA
DEBS2020-003-049,Mojave,South Soda,36,6.6,18,1.6,124,42,361,6.1,3.8,0.2,568,57,74,155,4.7,102,9.9,5.6,3.3,3.9,3.5,0.09,53.8,NA
DEBS2020-003-050,Mojave,Old dad peak,46,7.3,7,2,128,53,79,6.9,3.7,0.3,362,53,159,160,5.7,110,10.5,5.6,3.2,2.3,2.9,0.17,53.4,NA
DEBS2020-003-051,Mojave,Soda Poly 2,52,7.6,17,1.9,219,43,360,8.2,4.8,0.3,629,100,292,171,5.5,106,13,4.2,4.1,7.6,2.73,0.14,62.9,NA
DEBS2020-003-052,Mojave,South Soda,60,8.1,19,1.7,112,66,157,7.5,4.3,0.3,467,30,51,158,5.2,110,9.8,5.1,3.1,11.2,1.7,0.2,42,NA
DEBS2020-003-053,Mojave,South Soda,56,8.7,17,1.7,154,61,154,6.9,4,0.3,411,35,87,164,6.1,110,11,8.2,3.6,2.9,3.45,0.12,57.2,NA
DEBS2020-003-054,Mojave,South Sodas,52,8.3,23,1.6,106,86,71,7.7,4.1,0.3,111,24,61,163,6.3,112,11.2,6.5,3.5,7.8,2.19,0.19,49.5,14.4
DEBS2020-003-055,Mojave,Castles,52,9.3,15,1.6,183,56,256,8.9,3.9,0.2,508,41,83,163,8,106,11.1,10.5,3.6,3.9,3.05,0.09,61.1,NA
DEBS2020-003-056,Mojave,WdHk,31,9.5,9,2,195,35,166,9.1,3.7,0.2,429,37,103,155,6.4,97,10.6,7.3,3.7,7.8,2.43,0.12,56.6,31.5
DEBS2020-003-057,Mojave,South Soda,56,8.7,22,1.9,135,54,219,7.9,4.4,0.3,216,120,185,170,5.9,109,11.5,7.2,3.6,2.1,3.36,0.15,64.8,NA
DEBS2020-003-058,Mojave,South Soda,46,7.7,14,1.6,154,56,140,7,4.3,0.3,295,83,120,159,5.7,107,10.7,7.1,3.7,4.5,3.61,0.13,53.2,NA
DEBS2020-003-059,Mojave,South Soda,54,7.6,13,1.5,115,52,128,7.3,3.3,0.2,227,40,92,159,5.1,108,10,5.6,2.8,9.2,2.21,0.12,46.9,32.8
DEBS2020-003-060,Mojave,South Soda,64,8.8,18,1.7,144,53,365,8.3,3.8,0.3,222,139,104,152,5.7,98,10.2,5.9,3.7,5.6,1.59,0.06,54.1,NA
DEBS2020-003-061,Mojave,WdHk,57,9,11,1.9,154,43,132,8.4,3.3,0.2,491,52,114,151,6.2,100,10.8,8.1,3.7,2.7,2.71,0.11,54.5,NA
DEBS2020-003-062,Mojave,WdHk,45,8.5,17,1.8,178,48,108,8.1,3.8,0.2,399,24,94,153,8,99,11.2,8.2,3.6,5.2,2.78,0.11,56.8,NA
DEBS2020-003-063,Mojave,WdHk,56,8.1,15,1.7,151,47,89,7.5,4,0.2,315,18,60,160,5.8,109,10.8,6.3,3.2,8.1,3.62,0.15,48.7,NA
DEBS2020-003-064,Mojave,WdHk,50,9.2,9,1.8,152,30,45,8.6,3.8,0.2,320,25,122,156,6.4,106,10.5,5.7,3.1,11,2.4,0.14,45.5,12.4
DEBS2020-003-065,Mojave,WdHk,67,9.3,7,1.7,147,45,51,8.6,4.1,0.2,393,21,71,161,5.2,107,11.1,4.7,3,9.3,3.22,0.22,49.9,NA
DEBS2020-003-066,Mojave,CMPR,49,7.4,15,1.9,134,42,152,8.2,3.7,0.2,867,49,96,145,5.9,93,9.8,6.8,4,4.7,2.44,0.36,53.2,NA
DEBS2020-003-067,Mojave,CMPR,44,8.3,17,1.3,118,51,162,6.8,3.7,0.2,526,9,6.2,151,5,102,8.4,6,3.2,15.3,2.96,0.1,38.7,NA
DEBS2020-003-068,Mojave,Castle,48,8.5,9,2,152,60,156,7.5,4.1,0.2,432,18,93,160,6.6,105,10.1,7.7,3.7,6.1,2.62,0.11,55.5,NA
DEBS2020-003-069,Mojave,WdHk,39,9.7,7,2.2,123,39,179,9.1,3.2,0.2,282,22,51,140,4.7,99,9.1,3.7,2.8,11.4,1.23,0.13,34.3,NA
DEBS2020-003-070,Mojave,WdHk,53,7.9,17,1.9,138,40,232,7.6,3.6,0.2,576,59,98,154,5.4,97,10.6,7.3,3.2,6.2,2.9,0.06,46.2,NA
DEBS2020-003-071,Mojave,Castle,38,8,25,1.4,87,56,60,7.6,2.9,0.3,213,16,56,147,5.4,104,8.9,6.2,3,14,2.43,0.61,34.4,NA
DEBS2020-003-072,Mojave,Kerr Spur,59,8,9,1.5,163,43,246,7.1,4.2,0.2,353,39,104,158,5.6,97,10.4,8.2,2.8,2.5,2.99,0.11,64.1,NA
DEBS2020-003-073,Mojave,Castle,44,7.9,15,1.9,151,46,238,7.4,3.5,0.2,517,11,61,153,5.4,100,9.5,7.2,3.7,3,2.58,0.09,55.4,NA
DEBS2020-003-074,Mojave,Castle,58,7.7,17,1.6,114,39,223,7.2,3.8,0.2,569,16,77,158,5.7,100,9.8,6.1,3.1,6.4,2.56,0.07,57.3,18.5
DEBS2020-003-075,Mojave,Castle,45,8.1,11,1.9,179,29,108,7.7,3.4,0.1,267,65,79,148,5.2,97,9.7,7.2,4.1,5,2.18,0.18,51.2,26
DEBS2020-003-076,Mojave,NA,47,7,8,1.8,152,45,305,6.4,3.9,0.3,432,186,186,151,5,93,10.9,7.7,3,5.4,3.65,0.07,57.6,NA
DEBS2020-003-077,Mojave,Castle,42,8.5,10,2.1,172,37,148,7.9,3.4,0.2,526,31,91,154,5.6,96,19.2,11.6,3.3,5.7,2.81,0.21,57.9,NA
DEBS2020-003-078,Mojave,WdHk,63,8,13,2.2,171,51,247,7.2,3.9,0.3,401,32,90,161,6,102,10,7.8,3.6,2,1.97,0.08,63,NA
DEBS2020-003-079,Mojave,Old Dad peak,46,7.2,10,1.6,168,36,220,6.6,3.9,0.3,1271,56,312,158,5.1,106,9.1,6,3.2,7.7,2.96,0.1,49.4,NA
DEBS2020-003-080,Mojave,WdHk,54,7.7,14,1.7,149,41,353,7,3.7,0.2,498,31,76,149,4.7,99,9.9,4.5,2.8,6.1,3.16,0.07,48.6,NA
DEBS2020-003-081,Mojave,WdHk,61,8.3,13,1.8,189,45,264,7.6,3.9,0.2,430,57,115,148,5.3,97,10.7,5.3,3.6,8.1,2.41,0.07,48.2,NA
DEBS2020-003-082,Mojave,WdHk,57,8.5,15,1.9,166,34,302,7.8,3.9,0.2,440,47,79,156,5.1,99,10.1,6.8,3,5.5,2.38,0.07,56.6,26
DEBS2020-003-083,Mojave,Cady,49,6.3,11,1.9,119,37,199,6.3,3.7,0.2,346,22,55,155,4.2,102,9.5,5.8,3.2,8.4,3.51,0.11,48.8,NA
DEBS2020-003-084,Mojave,WdHk,29,7.4,9,1.5,169,43,253,7,3.6,0.2,273,41,112,144,4.5,97,10,6,3.4,6.1,3.39,0.07,45.4,NA
DEBS2020-003-085,Mojave,South Soda,58,8.9,11,1.4,168,43,174,8.2,3.7,0.2,310,66,77,156,4.9,98,10.1,6.5,3.6,6.4,2.73,0.09,56.5,38.1
DEBS2020-003-086,Mojave,Castle,NA,NA,9,1.7,149,65,130,7.8,4.1,0.3,330,28,108,157,7.4,111,10,7.4,4.5,4.9,2.21,0.09,48.5,NA
DEBS2020-003-087,Mojave,Castle,58,9.3,10,1.3,181,39,156,8,3.4,0.2,1388,47,71,152,6.8,96,10.3,10.3,3.4,3.9,3.28,0.12,58.9,35.5
DEBS2020-003-088,Mojave,Castle Hart,57,8.2,16,1.8,169,35,122,7.7,3.8,0.2,435,22,89,152,5.2,103,10.5,5.1,3.2,4.9,3.79,0.06,49.3,NA
DEBS2020-003-089,Mojave,Castle,36,7.6,15,1.7,135,43,74,7.2,3.6,0.2,395,15,82,152,5.7,99,10.3,5.7,3.9,8.3,2.48,0.14,50.4,NA
DEBS2020-003-090,Mojave,Castle Hart,32,7.7,8,2.1,134,45,59,7.3,3.8,0.2,517,11,64,159,5.9,110,10.6,6.6,3.9,4.6,2.99,0.18,50.3,16.4
DEBS2020-003-091,Mojave,Cady,28,6.5,10,1.3,138,29,160,6.1,3.8,0.2,1099,27,71,148,3.9,92,10.4,3.6,3,11.5,2.22,0.16,48.4,NA
DEBS2020-003-092,Mojave,Old Dad,44,7.5,8,1.6,122,63,225,7.4,3.7,0.3,1295,29,85,158,5.6,101,10.8,9.1,2.9,9.6,3.62,0.11,53,NA
DEBS2020-003-093,Mojave,NA,32,7.5,11,1.5,164,40,291,7,3.9,0.3,257,38,98,150,4.7,93,10.3,5.7,3,6.4,2.48,0.06,55.3,NA
DEBS2020-003-094,Mojave,Cady,NA,NA,NA,NA,NA,NA,NA,NA,NA,NA,NA,NA,NA,NA,NA,NA,NA,NA,NA,NA,NA,NA,NA,NA
DEBS2020-003-095,Mojave,Cady,51,8.9,12,1.7,93,43,91,8,3.5,0.2,185,23,61,158,4.7,106,10.1,5.3,3.1,5.9,1.4,0.12,50.8,NA
DEBS2020-003-096,Mojave,Cady,42,7.6,9,1.5,122,37,80,7.2,4,0.3,200,57,109,153,6,104,10.4,5.8,2.9,9.4,2.18,0.12,45.6,NA
DEBS2020-003-097,Mojave,Cady,42,9.5,12,1.9,193,19,59,9,4.3,0.2,187,30,77,160,4.8,104,11.4,4.9,3.6,6.1,2,0.14,54.7,NA
DEBS2020-003-098,Mojave,Cady,46,8.3,20,2,143,44,64,7.7,4.5,0.3,291,41,72,166,5.5,110,11.2,7,3.3,9,1.15,0.24,52.5,15.7
DEBS2020-003-099,Mojave,Cady,43,7.8,16,1.7,114,50,80,7.3,3.8,0.2,191,20,49,159,5.7,107,10.2,65,3.3,6.2,1.24,0.19,51.5,10.6
DEBS2020-003-100,Mojave,Cady,50,7.7,22,1.9,125,40,88,7.1,3.9,0.2,195,32,69,168,5.4,112,11.1,6.7,3.6,5.7,1.43,0.18,55.7,18.3
DEBS2020-003-111,Mojave,Cady,51,8.4,7,1.5,142,44,279,7.8,4.2,0.2,591,22,85,159,6.1,105,11,5.4,3.8,4,1.66,0.14,56.1,NA
DEBS2020-003-112,Mojave,Old Dad,NA,NA,NA,NA,NA,NA,NA,NA,NA,NA,NA,NA,NA,NA,NA,NA,NA,NA,NA,NA,NA,NA,NA,NA
DEBS2021-002-001,Mojave,Cady,NA,NA,14,1.4,150,83,119,5.3,1.8,0.1,187,18,48,150,4.5,104,8.2,6.1,3,13,2.52,0.15,37.5,28.1
DEBS2021-002-002,Mojave,Cady,NA,NA,17,1.6,128,52,216,7.1,4.1,0.2,870,19,69,149,4.1,100,10,4.4,3.3,13.2,4.49,0.32,39.9,16.9
DEBS2021-002-003,Mojave,Clip,NA,NA,16,1.7,166,44,91,8,3.8,0.2,479,35,76,159,4.5,100,10,8.1,3.2,11.5,3,0.08,52,29.1
DEBS2021-002-004,Mojave,Clip,NA,NA,11,1.8,184,73,161,8.6,4.1,0.6,118,44,92,148,7.7,98,10.5,7.5,3.9,4.6,2.28,0.06,53.1,NA
DEBS2021-002-005,Mojave,Clip,NA,NA,22,1.7,153,45,373,8.2,3.9,0.2,968,32,102,153,5.5,98,10.3,7.1,3.2,7.5,1.96,0.04,53,27.9
DEBS2021-002-006,Mojave,Clip,NA,NA,17,1.6,142,56,247,8.7,3.9,0.2,389,23,80,152,6,100,10.1,7.9,3.4,8.9,2.66,0.03,49.1,NA
DEBS2021-002-007,Mojave,Clip,NA,NA,26,2,188,51,190,10.3,3.4,0.2,202,42,95,151,6,98,10.1,8.2,3.3,8,2.81,0.04,51,39.2
DEBS2021-002-008,Mojave,Clip,NA,NA,15,1.8,160,52,394,7.9,3.7,0.3,996,28,81,150,4.9,96,9.4,6.4,3.4,10.6,2.87,0.03,48.3,NA
DEBS2021-002-009,Mojave,NROM,NA,NA,16,1.8,144,38,109,9.1,3.4,0.2,204,25,114,150,5.3,101,10.7,5.1,3.5,10.2,2.27,0.1,44.1,NA
DEBS2021-002-010,Mojave,NROM,NA,NA,15,2.2,165,40,116,8.4,4.2,0.3,184,28,72,155,5.1,104,11.3,4,4.7,10.7,1.73,0.11,45.4,21.6
DEBS2021-002-011,Mojave,Shph,NA,NA,26,1.8,109,54,69,7.9,3.6,0.2,256,24,157,155,4.7,106,9.7,6.4,3.1,11.7,2.82,0.18,42,15.2
DEBS2021-002-012,Mojave,Shph,NA,NA,18,1.5,141,42,89,7.5,3.8,0.2,218,48,217,155,5.9,104,10.8,6.5,3.5,9.8,3.1,0.12,47.1,140.3
DEBS2021-002-013,Mojave,Shph,NA,NA,16,1.2,148,59,65,7.2,4.3,0.4,571,31,296,155,6.6,103,10.2,6.8,3.4,9,3.27,0.12,49.6,NA
DEBS2021-002-014,Mojave,Shph,NA,NA,14,1.2,166,42,132,6.3,3.8,0.2,934,22,136,146,4.4,93,9.1,5.5,3.4,13.2,2.55,0.07,44.2,NA
DEBS2021-002-015,Mojave,Shph,NA,NA,21,1.1,142,70,157,7.1,4.1,0.4,156,22,119,156,6.2,104,9.8,7,3.3,6.2,4.2,0.03,52,NA
DEBS2021-002-016,Mojave,Shph,NA,NA,24,1.4,125,73,183,5.9,3.6,0.2,1500,46,259,147,4.4,94,10,4.7,2.8,15.8,2.39,0.12,41.6,124.9
DEBS2021-002-017,Mojave,Clip,NA,NA,13,2,174,54,150,8.7,3.7,0.3,408,28,87,147,6,99,10.5,7.2,4.2,10.7,2.65,0.13,43.3,NA
DEBS2021-002-018,Mojave,Clip,NA,NA,16,1.9,149,37,238,8.4,3.9,0.2,382,40,93,147,4.7,96,10.8,5.9,3.4,9.4,2.14,0.06,46.3,17.5
DEBS2021-002-019,Mojave,Shph,NA,NA,24,1.2,131,56,191,6.9,3.8,0.2,381,31,185,148,4.6,96,9.8,5.4,3,9,3.11,0.06,47.6,117.5
DEBS2021-002-020,Mojave,NROM,NA,NA,12,2.4,164,32,255,7,3.8,0.3,570,40,134,147,4.7,97,10.5,4.1,3,8.4,2.2,0.06,46.3,41.7
DEBS2021-002-021,Mojave,Dead,NA,NA,17,1.8,114,49,75,7.6,3.6,0.3,213,20,90,158,6.7,114,9.9,5,3.3,10.1,2.62,0.09,40.6,14.4
DEBS2021-002-022,Mojave,Cady,NA,NA,20,1.6,165,51,130,8.8,3.9,0.2,192,20,85,157,5.4,110,11.3,6.4,3.3,9.3,3.38,0.06,43.1,22.5
DEBS2021-002-023,Mojave,Dead,NA,NA,18,1.5,132,75,232,6.3,3.7,0.2,591,33,93,150,6.5,105,10.7,6.8,3,7.6,3.47,0.1,43.9,20.1
DEBS2021-002-024,Mojave,Cady,NA,NA,22,1.4,155,58,77,7.3,4.2,0.2,210,25,77,153,5.4,104,10.8,7.1,3.7,14.2,2.84,0.16,40.2,25.3
DEBS2021-002-025,Mojave,BrsN,NA,NA,19,1.3,139,89,165,7.2,4.2,0.6,407,25,86,147,5.6,101,10,6.4,3.1,10.7,2.9,0.02,40.9,NA
DEBS2021-002-026,Mojave,Cady,NA,NA,16,1.4,136,71,189,8.1,4.6,0.3,151,13,71,157,6.7,104,11.1,5.6,3.6,7.1,2.79,0.09,52.6,NA
DEBS2021-002-027,Mojave,Cady,NA,NA,17,1.5,143,70,87,8.4,4.4,0.2,208,18,75,159,6.5,108,11.7,9.2,3.5,10.5,2.34,0.1,47,22.2
DEBS2021-002-028,Mojave,Cady,NA,NA,16,1.6,138,58,77,8.3,4,0.2,261,22,74,156,6,106,10.7,7.2,3.3,10.2,2.19,0.16,45.8,15.6
DEBS2021-002-029,Mojave,Cady,NA,NA,17,1.6,126,61,129,7.9,3.9,0.2,133,16,57,154,5.4,106,10.6,6.6,3.4,11.2,2.82,0.1,42.2,14.8
DEBS2021-002-030,Mojave,Shph,NA,NA,33,1.4,136,55,75,7.3,4.2,0.2,192,27,152,152,6.5,108,10.2,6.2,3.5,13.6,3.86,0.13,36.9,49
DEBS2021-002-031,Mojave,NROM,NA,NA,22,1.9,129,143,136,8,4.7,1.3,766,8,102,144,8.5,105,10,4.4,4.2,13.8,2.53,<0.01,33.7,NA
DEBS2021-002-032,Mojave,NROM,NA,NA,16,2.1,131,38,186,6.7,3.9,0.2,222,27,98,148,4.2,95,11,4.7,3.1,8.9,1.96,0.05,48.3,100.6
DEBS2021-002-033,Mojave,NROM,NA,NA,13,1.8,107,76,87,7.8,4.5,0.5,381,18,69,153,5.9,108,10.6,4.6,3.6,12.3,1.82,0.06,38.6,NA
DEBS2021-002-034,Mojave,Dead,NA,NA,14,1.7,79,48,128,9,3.7,0.3,838,25,79,151,6.4,104,10.1,5.1,2.5,8,1.77,0.13,45.4,NA
DEBS2021-002-035,Mojave,NROM,NA,NA,12,2.1,135,39,262,7.1,3.5,0.2,669,20,57,148,3.8,104,9.7,4,2.6,14.1,2.58,0.07,33.7,15
DEBS2021-002-036,Mojave,NROM,NA,NA,11,1.9,111,53,236,7.2,4.2,0.2,970,18,73,156,5.1,104,10.7,6.7,3,12.9,2.2,0.07,44.2,18.3
DEBS2021-002-037,Mojave,NROM,NA,NA,25,1.8,150,<25,448,8.1,4.1,0.2,344,25,80,155,4,102,10,<1,3.1,9.4,1.83,0.05,47.6,20
DEBS2021-002-038,Mojave,NROM,NA,NA,26,1.7,96,63,276,8.6,3.8,0.2,504,13,79,153,4.4,101,10,5.9,3.2,11.2,2.43,0.03,45.2,15.9
DEBS2021-002-039,Mojave,NROM,NA,NA,18,1.8,156,49,227,7.6,3.8,0.3,7833,25,122,144,4.1,101,9.3,4.3,3,16.6,1.66,0.63,30.5,NA
DEBS2021-002-040,Mojave,Prov,NA,NA,21,1.7,169,69,249,7.3,4,0.1,590,23,82,151,5.5,102,9.2,6.8,3.4,6.4,4.06,0.05,48.1,14.4
DEBS2021-002-041,Mojave,BrsN,NA,NA,16,2,154,52,315,6.3,3.7,0.3,427,26,96,158,4.8,101,10.2,5.4,3.6,6.7,3.68,0.09,55.1,46.6
DEBS2021-002-042,Mojave,NROM,NA,NA,25,1.5,136,50,85,7.9,4.3,0.2,130,22,82,157,4.6,109,10.9,4.5,2.4,12.2,3.69,0.13,40.4,15.8
DEBS2021-002-043,Mojave,NROM,NA,NA,18,1.8,131,52,157,7.3,4.2,0.2,124,16,68,160,4.7,113,10.2,4.9,3.1,8.3,1.97,0.07,43.4,18.1
DEBS2021-002-044,Mojave,BrsN,NA,NA,NA,NA,NA,NA,NA,NA,NA,NA,NA,NA,NA,NA,NA,NA,NA,NA,NA,NA,NA,NA,NA,NA
DEBS2021-002-045,Mojave,BrsN,NA,NA,24,1.6,152,36,167,7.3,3.9,0.2,246,55,252,162,5,105,10.7,6.6,3.3,9.3,3.64,0.07,52.7,228.8
DEBS2021-002-046,Mojave,BrsN,NA,NA,19,1.6,168,60,111,8.4,4.3,0.2,232,24,101,159,6.5,104,11.4,7.6,3.5,7.4,2.85,0.14,54.1,38.4
DEBS2021-002-047,Mojave,BrsN,NA,NA,8,1.6,140,38,80,8.1,3.3,0.2,184,24,85,154,5.1,104,10.9,4.8,3.4,11.1,2.63,0.1,44,35.6
DEBS2021-002-048,Mojave,KRMM,NA,NA,15,1.9,135,56,319,7.6,4.1,0.2,2402,46,157,153,5.8,102,10.2,6.1,3.2,13.3,2.36,0.11,43.5,95.9
DEBS2021-002-049,Mojave,BrsN,NA,NA,18,2.2,128,35,307,7.4,3.9,0.2,436,40,74,152,4.3,95,11.4,5.6,3.7,7.2,2.68,0.05,54.1,33.6
DEBS2021-002-050,Mojave,NROM,NA,NA,21,1.2,146,45,120,7.2,3.9,0.2,253,17,78,156,5.8,107,10.9,6.2,3.1,9.3,2.84,0.06,45.4,26.1
DEBS2021-002-051,Mojave,Clip,NA,NA,16,1.5,91,76,49,10.4,2.3,0.1,176,45,95,148,7,103,10.4,6.7,2.7,13.3,2.52,0.08,38.7,126.1
DEBS2021-002-052,Mojave,Clip,NA,NA,15,1.5,123,64,77,8.2,3.5,0.2,191,29,103,154,5.6,105,9.6,6.4,3.4,9.5,2.55,0.2,45.1,36.8
DEBS2021-002-053,Mojave,Clip,NA,NA,14,1.9,110,52,77,9.3,4.2,0.2,145,36,93,156,6.5,102,11.3,7.2,3.8,8.4,2.81,0.09,52.1,NA
DEBS2021-002-054,Mojave,Clip,NA,NA,15,1.5,140,55,173,7.2,3.5,0.2,172,38,119,156,4.6,100,9.9,5.9,3.7,8.9,3.29,0.07,51.7,114.2
DEBS2021-002-055,Mojave,GODM,NA,NA,17,1.8,143,56,152,7.9,3.5,0.2,124,30,78,155,5.5,105,10.8,7,3.2,7.7,3.43,0.09,47.8,38.1
DEBS2021-002-056,Mojave,GODM,NA,NA,18,2,173,70,135,7.4,3.7,0.4,437,20,75,158,5.4,107,10,7.9,3.3,6,2.99,0.09,50.4,NA
DEBS2021-002-057,Mojave,Prov,NA,NA,21,1.6,136,62,353,6.9,4.1,0.1,197,27,78,152,5.6,102,10.5,7.6,3.6,7.1,2.8,0.06,48.5,14.2
DEBS2021-002-058,Mojave,GODM,NA,NA,11,2.2,164,44,77,7.6,4,0.2,546,32,101,160,5.8,107,11.1,7.1,3.2,6.6,3.5,0.13,52.2,39.3
DEBS2021-002-059,Mojave,GODM,NA,NA,7,2.2,163,35,132,7.4,3.8,0.2,363,40,92,150,4.4,100,10.8,5.2,3,7.6,2.72,0.19,46.8,38.9
DEBS2021-002-060,Mojave,GODM,NA,NA,14,2,184,50,123,7.5,3.9,0.2,159,31,89,158,5,103,10.7,6.1,3,8.1,2.93,0.17,51.9,37.1
DEBS2021-002-061,Mojave,Prov,NA,NA,18,1.6,168,72,127,8,4.2,0.1,315,22,83,153,5.2,101,10.7,7,3.1,7.7,3.56,0.08,49.5,16
DEBS2021-002-062,Mojave,CMSR,NA,NA,21,2.2,148,60,207,9.1,4,0.2,194,28,61,155,4.7,106,10.6,4.9,4.2,5.8,2.12,0.07,47.9,17.7
DEBS2021-002-063,Mojave,KRMM,NA,NA,30,1.4,144,43,37,8.8,3.3,0.4,118,32,57,153,6.2,107,11,6.9,3.3,11.8,3.27,0.07,40.4,14.1
DEBS2021-002-064,Mojave,KRMM,NA,NA,15,1.6,204,35,215,8.2,2.9,0.2,494,73,106,141,4.7,95,9.6,3.7,3.2,12.5,2.39,0.25,38.2,44.1
DEBS2021-002-065,Mojave,KRMM,NA,NA,18,1.8,183,43,364,8.3,3.5,0.2,463,76,80,147,45023,94,10.2,8.7,3.7,7.3,2.5,0.05,50.4,35.9
DEBS2021-002-066,Mojave,KRMM,NA,NA,20,1.7,132,55,175,7.2,3.7,0.2,384,17,59,149,3.6,103,9.5,3,3.4,10.4,2.39,0.15,39.2,19.6
DEBS2021-002-067,Mojave,KRMM,NA,NA,24,1.7,161,49,72,8.5,4,0.2,215,31,60,159,5.3,106,11.5,3.8,3.8,7.1,1.66,0.16,51.2,13
DEBS2021-002-068,Mojave,KRMM,NA,NA,15,1.7,220,47,229,7.8,4.2,0.3,633,24,99,147,5.5,96,11.1,6.3,4.2,5.5,1.91,0.05,51,NA
DEBS2021-002-069,Mojave,KRMM,NA,NA,10,2,162,63,284,6.9,3.2,0.2,683,25,56,149,3.7,98,9.2,5.5,2.9,7.8,1.33,0.06,46.9,18.3
DEBS2021-002-070,Mojave,KRMM,NA,NA,11,2.3,132,56,244,7.5,3.4,0.3,409,22,64,148,3.8,98,9.8,5.4,3.1,11.3,3.28,0.09,42.5,19.1
DEBS2021-002-071,Mojave,KRMM,NA,NA,9,2.1,172,66,381,7.9,3.9,0.2,543,30,64,151,4.2,98,10.2,5.8,3.5,5.3,1.04,0.09,51.9,18.1
DEBS2021-002-073,Mojave,CMSR,NA,NA,7,1.9,146,66,216,7.2,3.5,0.2,470,30,90,146,5.4,101,9.7,7.9,4.6,5.5,2.45,0.07,44.9,53.6
DEBS2021-002-074,Mojave,CMSR,NA,NA,6,1.7,126,38,87,9.9,3.8,0.2,193,28,73,151,5,102,10.5,5.7,4,9.5,1.47,0.09,44.5,22.3
DEBS2021-002-075,Mojave,KRMM,NA,NA,14,1.8,107,43,79,8,3.7,0.2,188,21,51,146,5.6,102,10,8.2,3.9,7.8,1.85,0.08,41.8,13.4
DEBS2021-002-076,Mojave,CMSR,NA,NA,22,2,132,58,75,11.7,3.5,0.2,65,42,59,157,5,110,11.2,5,3.8,7.8,1.87,0.09,44.2,23.2
DEBS2021-002-077,Mojave,BrsN,NA,NA,14,1.3,190,58,179,7.3,4.1,0.4,521,48,148,152,6.4,100,10.2,8.6,3.7,5.6,3.52,0.06,52.8,NA
DEBS2021-002-078,Mojave,CMSR,NA,NA,15,1.7,99,78,61,9.4,4.3,0.2,159,22,75,161,5.1,115,11.5,6.2,4.1,7.6,2.18,0.11,43.5,12.7
DEBS2021-002-079,Mojave,KRMM,NA,NA,8,2.3,149,62,127,8,3.7,0.2,155,27,73,144,4.4,101,9.6,5.3,3.8,6.6,2.19,0.09,40.8,19.8
DEBS2021-002-080,Mojave,KRMM,NA,NA,11,1.6,164,41,138,7.9,3.3,0.2,252,28,103,137,4.4,93,8.9,5.2,4,8.9,2,0.11,39.5,22.3
DEBS2021-002-081,Mojave,Prov,NA,NA,12,2,119,60,89,8.5,4,0.2,212,16,105,157,4.9,114,10.6,6.6,3.5,7.9,1.94,0.11,40,9.2
DEBS2021-002-083,Mojave,CMPR,NA,NA,18,1.5,117,68,165,8,3.8,0.2,418,14,68,147,4.9,100,10.5,8.4,3.6,5.9,3.06,0.07,46,14.3
DEBS2021-002-085,Mojave,CMPR,NA,NA,25,1.5,149,62,197,8.4,3.5,0.1,278,20,111,150,5.2,103,9.7,8.6,3.4,8.2,2.61,0.07,44,30.5
DEBS2021-002-087,Mojave,KRMM,NA,NA,31,1.5,148,57,119,8.1,3.7,0.3,167,56,105,148,5.5,99,10.3,8.5,3.4,5.6,3.04,0.05,48.9,38.1
DEBS2021-002-089,Mojave,Prov,NA,NA,17,2,169,63,157,8.3,4.3,0.2,156,30,82,158,6.2,106,45237,7,3.8,8.3,3.36,0.1,49.9,24.2
DEBS2021-002-090,Mojave,Prov,NA,NA,13,1.8,157,55,112,7.8,4,0.2,196,35,89,155,5.7,104,11.4,5.3,4.1,8.7,3.16,0.1,48,20.3
DEBS2021-002-091,Mojave,CMPR,NA,NA,23,1.6,172,68,332,8.5,3.3,0.1,285,32,90,149,5.3,100,9.6,7.7,3.3,7.8,2.53,0.07,46.5,27.4
DEBS2021-002-094,Mojave,CMPR,NA,NA,18,2.2,166,62,139,10.6,4.1,0.2,219,20,83,158,5.8,107,11.4,8.2,3.5,4.2,2.55,0.09,52.6,12
DEBS2021-002-097,Mojave,KRMM,NA,NA,30,1.5,174,64,101,8.4,3.7,0.5,133,67,120,158,5.6,107,10.3,7.8,3.3,4.9,3.42,0.08,51.7,42.8
DEBS2021-002-098,Mojave,KRMM,NA,NA,10,1.8,170,35,112,8.6,3.3,0.2,375,26,58,154,5.2,101,9.7,5,3.9,8.4,1.97,0.17,49.8,12.3
DEBS2021-002-099,Mojave,Prov,NA,NA,18,1.6,128,47,77,8.4,4.3,0.2,403,24,83,155,5,109,10.7,6.7,3.4,7.2,2.32,0.13,43.8,12.1
DEBS2021-002-100,Mojave,Prov,NA,NA,6,1.8,171,23,84,9.4,3.7,0.2,135,30,53,150,5.8,99,10.9,7.4,3.6,8.5,1.91,0.1,48.3,3.3
DEBS2022-001-014,Mojave,CMPR,54,8,21,1.6,122,51,128,8.3,4.3,0.1,246,17,75,160,5.2,110,9.6,7.3,4,3.5,2.82,0.1,51.7,NA
DEBS2022-001-015,Death Valley,OMMH,42.5,7.1,31,1.2,182,45,178,6.7,3.8,0.2,367,26,225,151,5.8,97,10,7.8,3.2,5.6,4.5,0.15,54.2,141
DEBS2022-001-016,Death Valley,OMMH,44,7.2,26,1.2,166,46,129,7.2,3.9,0.2,955,24,229,155,6.7,106,10.5,8.1,3.5,5.5,4.1,0.16,50.2,95.3
DEBS2022-001-017,Death Valley,OMMH,46,6.8,24,1.3,171,40,189,6.7,3.5,0.2,2611,23,203,148,4.3,93,10.5,4.9,3,14.7,3.11,0.3,44.6,43.2
DEBS2022-001-018,Death Valley,OMMH,50.5,7.9,24,0.9,118,51,230,7.8,4,0.2,735,13,104,153,5.6,101,10.3,7.4,3.1,8.7,3.86,0.11,48.9,NA
DEBS2022-001-019,Mojave,CMPR,57,7.4,20,1.4,152,42,159,7.1,4.2,0.2,1049,9,96,160,5.4,102,10.3,6.6,4.3,3.7,3.01,0.12,59.7,NA
DEBS2022-001-020,Death Valley,OMMH,53.5,8.3,27,1.3,162,61,385,7.9,4.2,0.2,944,30,176,159,6.2,100,10,9.9,3,3.6,4.87,0.14,61.6,9
DEBS2022-001-021,Death Valley,OMMH,49,6.4,24,1.3,149,45,453,6.3,3.8,0.1,1645,32,167,151,4.2,95,9.2,6.1,3.3,7.4,4.05,0.14,52.8,38.7
DEBS2022-001-022,Death Valley,OMMH,33.5,8.7,14,1.1,148,26,219,8.8,2.4,0.1,285,140,173,146,4.9,93,9.3,6.7,2.5,6.8,3.54,0.11,51.1,128.2
DEBS2022-001-023,Death Valley,OMMH,41,7.4,26,1.7,143,42,310,7.1,3.4,0.2,813,52,230,152,5.3,97,10.1,7.5,3.4,5.7,3.38,0.13,54.6,174.6
DEBS2022-001-024,Death Valley,OMMH,37.5,9,21,1.1,165,40,211,9.2,2.6,0.1,1126,108,178,150,5.2,95,9.6,9.7,3.4,3.3,4.56,0.14,56.9,34.1
DEBS2022-001-025,Death Valley,OMMH,42.5,9,22,1.1,123,52,230,8.8,3.3,0.1,614,23,129,149,4.8,96,8.6,7.5,3.6,7.6,3.56,0.14,50.2,8.2
DEBS2022-001-026,Death Valley,BMGR,43.5,7.7,NA,NA,NA,NA,NA,NA,NA,NA,NA,NA,NA,NA,NA,NA,NA,NA,NA,NA,NA,NA,NA,NA
DEBS2022-001-027,Death Valley,OMMH,42.5,7.2,26,1.2,169,47,223,7,3.6,0.2,589,27,152,153,4.5,96,9.7,8.6,3.2,5.1,4.95,0.13,56.4,38.7
DEBS2022-001-028,Mojave,CMPR,45.5,7.6,18,1.7,139,42,137,7.5,3.8,0.2,558,15,77,154,4.5,100,9.4,6.3,3.8,5.2,2.6,0.11,53.3,8.9
DEBS2022-001-029,Mojave,CMPR,54,7.9,23,1.5,187,39,250,7.5,4.2,0.1,284,17,140,159,4.6,103,9.2,7.5,4.1,<2,2.45,0.3,58.6,26.8
DEBS2022-001-030,Mojave,CMPR,58,8,19,1.2,157,47,205,7.4,4.2,0.2,242,14,110,156,5,104,9.6,8.4,3.9,2.1,3.05,0.12,54.9,9.9
DEBS2022-001-031,Mojave,CMPR,63.5,8.8,19,1.6,136,66,238,8.4,4.4,0.2,301,10,79,158,5.2,104,10.2,7.1,4.1,2.9,2.49,0.15,56.3,NA
DEBS2022-001-032,Mojave,CMPR,60,8.1,20,1.4,135,48,158,7.8,4.4,0.2,284,9,104,155,5.5,105,9.1,7.8,3.9,2.1,3.42,0.12,53.4,NA
DEBS2022-001-033,Mojave,CMPR,57,8.1,19,1.2,132,64,175,7.9,4.2,0.2,603,15,78,158,6.9,107,9.3,8.2,4,<2,2.6,0.05,55.9,NA
DEBS2022-001-034,Mojave,CMPR,48.5,6.7,22,1.4,125,37,131,6.8,3.9,0.1,612,9,70,149,4.3,104,8.9,6.4,3.6,7.9,3.44,0.11,41.4,4.1
DEBS2022-001-035,Mojave,CMPR,51,6.8,21,1.3,160,43,240,6.7,3.7,0.2,991,10,93,154,6.6,98,8.6,9.7,3.7,<2,2.32,0.06,60.6,NA
DEBS2022-001-036,Mojave,CMPR,53.5,7,24,1.1,167,48,148,7.4,4.2,0.2,490,10,100,154,5.4,102,9.8,6.8,3.7,2.9,2.02,0.12,54.5,NA
DEBS2022-001-037,Mojave,CMPR,54,6.2,25,1.6,200,50,423,6.8,3.7,0.1,1452,17,137,153,4.6,99,9.9,7.7,4.8,5.8,3.03,0.08,52.8,25.2
DEBS2022-001-038,Mojave,CMPR,38.5,8.7,25,2,97,45,231,8.5,3.6,0.2,3400,23,146,150,14.2,96,13.8,16.9,5,4.9,3.43,0.15,63.3,233.5
DEBS2022-001-039,Death Valley,BMGR,46.5,8.1,NA,NA,NA,NA,NA,NA,NA,NA,NA,NA,NA,NA,NA,NA,NA,NA,NA,NA,NA,NA,NA,NA
DEBS2022-001-040,Death Valley,Fune,47.5,7.1,NA,NA,NA,NA,NA,NA,NA,NA,NA,NA,NA,NA,NA,NA,NA,NA,NA,NA,NA,NA,NA,NA
DEBS2022-001-041,Death Valley,BMGR,46.5,7.7,NA,NA,NA,NA,NA,NA,NA,NA,NA,NA,NA,NA,NA,NA,NA,NA,NA,NA,NA,NA,NA,NA
DEBS2022-001-042,Death Valley,Pana,46,7.8,22,1.3,78,27,193,7.7,3.9,0.2,2190,39,196,149,7.2,96,10.6,9,4,4,2.76,0.18,56.2,30.4
DEBS2022-001-043,Death Valley,Grap,47,8.7,32,1.9,11,52,57,8,4.1,0.2,287,22,121,161,6,108,10.4,8.2,3.2,7.5,2.95,0.15,51.5,23.1
DEBS2022-001-044,Death Valley,Pana,51,7,16,1.2,106,27,321,6.4,3.9,0.1,457,28,98,154,5.5,99,10.1,8.5,4.1,<2,4.01,0.06,58.5,8.3
DEBS2022-001-045,Death Valley,Pana,46.5,7.2,14,1.2,160,29,209,6.7,3.9,0.2,660,29,220,153,5.3,97,10.2,6.9,4.5,2.1,2.96,0.08,59.2,135.3
DEBS2022-001-046,Death Valley,Pana,53.5,7.6,13,1.1,120,49,416,7,4.1,0.2,1155,26,92,152,5.5,99,9,6.3,3.4,5,2.91,0.13,53.5,12.2
DEBS2022-001-047,Death Valley,Fune,50.5,7.4,NA,NA,NA,NA,NA,NA,NA,NA,NA,NA,NA,NA,NA,NA,NA,NA,NA,NA,NA,NA,NA,NA
DEBS2022-001-048,Death Valley,Grap,46.5,7.4,18,1.7,158,44,133,6.6,3.8,0.2,299,24,97,162,5.9,105,10.3,8.6,3.6,<2,2.9,0.15,60.9,14.6
DEBS2022-001-049,Death Valley,Pana,45,7.7,12,1.4,201,40,126,7.2,3.8,0.2,379,68,226,155,5.2,102,9.9,7.7,3.6,4.1,3.22,0.4,54.1,135.2
DEBS2022-001-050,Death Valley,Pana,46.5,7.3,NA,NA,NA,NA,NA,NA,NA,NA,NA,NA,NA,NA,NA,NA,NA,NA,NA,NA,NA,NA,NA,NA
DEBS2022-001-051,Death Valley,Pana,48,7.3,NA,NA,NA,NA,NA,NA,NA,NA,NA,NA,NA,NA,NA,NA,NA,NA,NA,NA,NA,NA,NA,NA
DEBS2022-001-052,Death Valley,Pana,57.5,7.6,NA,NA,NA,NA,NA,NA,NA,NA,NA,NA,NA,NA,NA,NA,NA,NA,NA,NA,NA,NA,NA,NA
DEBS2022-001-053,Death Valley,Fune,46,7.5,NA,NA,NA,NA,NA,NA,NA,NA,NA,NA,NA,NA,NA,NA,NA,NA,NA,NA,NA,NA,NA,NA
DEBS2022-001-054,Death Valley,Fune,45.5,8.2,NA,NA,NA,NA,NA,NA,NA,NA,NA,NA,NA,NA,NA,NA,NA,NA,NA,NA,NA,NA,NA,NA
DEBS2022-001-055,Death Valley,Fune,51,7.7,NA,NA,NA,NA,NA,NA,NA,NA,NA,NA,NA,NA,NA,NA,NA,NA,NA,NA,NA,NA,NA,NA
DEBS2022-001-056,Death Valley,Fune,45,7.4,NA,NA,NA,NA,NA,NA,NA,NA,NA,NA,NA,NA,NA,NA,NA,NA,NA,NA,NA,NA,NA,NA
DEBS2022-001-057,Death Valley,Pana,44.5,7.3,NA,NA,NA,NA,NA,NA,NA,NA,NA,NA,NA,NA,NA,NA,NA,NA,NA,NA,NA,NA,NA,NA
DEBS2022-001-058,Death Valley,Pana,49,7,NA,NA,NA,NA,NA,NA,NA,NA,NA,NA,NA,NA,NA,NA,NA,NA,NA,NA,NA,NA,NA,NA
DEBS2022-001-059,Death Valley,Pana,46,6.9,NA,NA,NA,NA,NA,NA,NA,NA,NA,NA,NA,NA,NA,NA,NA,NA,NA,NA,NA,NA,NA,NA
DEBS2022-001-060,Death Valley,Pana,45.5,7.6,NA,NA,NA,NA,NA,NA,NA,NA,NA,NA,NA,NA,NA,NA,NA,NA,NA,NA,NA,NA,NA,NA
DEBS2022-001-061,Death Valley,BMGR,47,6.3,NA,NA,NA,NA,NA,NA,NA,NA,NA,NA,NA,NA,NA,NA,NA,NA,NA,NA,NA,NA,NA,NA
DEBS2022-001-062,Death Valley,BMGR,45,6.6,NA,NA,NA,NA,NA,NA,NA,NA,NA,NA,NA,NA,NA,NA,NA,NA,NA,NA,NA,NA,NA,NA
DEBS2022-001-063,Death Valley,Pana,43,7.1,NA,NA,NA,NA,NA,NA,NA,NA,NA,NA,NA,NA,NA,NA,NA,NA,NA,NA,NA,NA,NA,NA
DEBS2022-001-064,Death Valley,Pana,42,7.3,NA,NA,NA,NA,NA,NA,NA,NA,NA,NA,NA,NA,NA,NA,NA,NA,NA,NA,NA,NA,NA,NA
DEBS2022-001-065,Death Valley,Pana,46,7.9,NA,NA,NA,NA,NA,NA,NA,NA,NA,NA,NA,NA,NA,NA,NA,NA,NA,NA,NA,NA,NA,NA
DEBS2022-001-066,Death Valley,Pana,48.5,7.5,NA,NA,NA,NA,NA,NA,NA,NA,NA,NA,NA,NA,NA,NA,NA,NA,NA,NA,NA,NA,NA,NA
DEBS2022-001-067,Death Valley,Pana,49,7.8,NA,NA,NA,NA,NA,NA,NA,NA,NA,NA,NA,NA,NA,NA,NA,NA,NA,NA,NA,NA,NA,NA
DEBS2022-001-068,Death Valley,Pana,43,6.9,NA,NA,NA,NA,NA,NA,NA,NA,NA,NA,NA,NA,NA,NA,NA,NA,NA,NA,NA,NA,NA,NA
DEBS2022-001-069,Death Valley,Fune,40,8.1,NA,NA,NA,NA,NA,NA,NA,NA,NA,NA,NA,NA,NA,NA,NA,NA,NA,NA,NA,NA,NA,NA
DEBS2022-001-070,Death Valley,Fune,47,8.9,NA,NA,NA,NA,NA,NA,NA,NA,NA,NA,NA,NA,NA,NA,NA,NA,NA,NA,NA,NA,NA,NA
DEBS2022-001-071,Death Valley,Grap,52,7.1,20,1.5,88,58,74,6.4,3.8,0.2,383,27,80,156,5.2,109,10,5.7,3.4,6.4,2.34,0.14,45.8,6.4
DEBS2022-001-072,Death Valley,Pana,46.5,7.9,NA,NA,NA,NA,NA,NA,NA,NA,NA,NA,NA,NA,NA,NA,NA,NA,NA,NA,NA,NA,NA,NA
DEBS2022-001-073,Death Valley,Pana,47.5,6.8,NA,NA,NA,NA,NA,NA,NA,NA,NA,NA,NA,NA,NA,NA,NA,NA,NA,NA,NA,NA,NA,NA
DEBS2022-001-074,Death Valley,Pana,46.5,6.7,NA,NA,NA,NA,NA,NA,NA,NA,NA,NA,NA,NA,NA,NA,NA,NA,NA,NA,NA,NA,NA,NA
DEBS2022-001-075,Death Valley,Grap,50,7.4,19,1.3,163,55,122,6.9,4.1,0.2,120,19,90,162,5.7,108,10.3,7.7,3.8,5.5,3.31,0.11,54.2,19.8
DEBS2022-001-076,Death Valley,Fune,47,7.1,NA,NA,NA,NA,NA,NA,NA,NA,NA,NA,NA,NA,NA,NA,NA,NA,NA,NA,NA,NA,NA,NA
DEBS2022-001-077,Death Valley,Fune,48.5,8.4,NA,NA,NA,NA,NA,NA,NA,NA,NA,NA,NA,NA,NA,NA,NA,NA,NA,NA,NA,NA,NA,NA
DEBS2022-001-078,Death Valley,Fune,54,8.3,32,1.8,139,53,92,7.8,4.5,0.3,269,25,162,162,5.7,110,11.2,5.1,3.3,4.4,1.69,0.18,53.3,21.8
DEBS2022-001-079,Death Valley,BMGR,46.5,8,NA,NA,NA,NA,NA,NA,NA,NA,NA,NA,NA,NA,NA,NA,NA,NA,NA,NA,NA,NA,NA,NA
DEBS2022-001-080,Death Valley,Fune,49,8.4,22,1.3,102,45,66,7.9,4.3,0.2,414,32,432,158,6.1,110,9.9,8.3,3.5,2.7,2.74,0.24,51.4,20.7
DEBS2022-001-082,Death Valley,Grap,46,8.1,24,1.7,177,41,173,7.6,4,0.2,136,26,92,157,6.1,104,10.4,6.4,3.4,3.1,1.83,0.12,56,2.4
DEBS2022-001-083,Death Valley,Grap,45,7.2,17,1.5,87,52,136,6.6,3.8,0.2,281,21,104,155,4.4,105,9.3,6.7,2.8,6,2.91,0.09,48.4,18
DEBS2022-001-084,Death Valley,Grap,NA,7,22,1.6,140,48,141,6.5,3.2,0.2,3261,25,390,153,4.5,105,8.2,6.6,3,6.6,2.4,0.21,45.9,15
DEBS2022-001-085,Death Valley,Pana,46.5,8.9,18,1.2,151,34,107,8.4,3.8,0.2,153,37,116,158,5.6,105,10.4,7.6,3.2,2.7,2.63,0.18,55.9,15
DEBS2022-001-086,Death Valley,PBHM,53,8.6,19,1.4,68,39,69,8,4.5,0.2,311,21,88,163,6,114,11.1,8.6,3.9,2.8,2.62,0.16,52.2,10.5
DEBS2022-001-087,Death Valley,Pana,51.5,7.6,19,1.4,161,27,419,7.2,4.1,0.1,807,36,114,157,4.7,98,10.5,5.1,2.9,4.1,2.48,9.27,59.6,27
DEBS2022-001-088,Death Valley,Pana,40,6.7,11,1.1,109,36,65,6.4,3.3,0.2,138,27,71,155,5.6,109,9.1,4.9,3.9,4.7,5.02,0.13,46.9,9.1
DEBS2022-001-089,Death Valley,Pana,52,7.7,17,1.5,114,46,151,7.2,4,0.1,523,26,88,159,5,107,11.1,5.9,3.1,4.2,3.03,0.1,52.8,NA
DEBS2022-001-090,Death Valley,Pana,45,7.6,21,1.8,114,41,245,7.4,4.1,0.2,397,22,88,165,6,99,12,6.2,3.5,2,2.35,0.17,70,9.5
DEBS2022-001-091,Death Valley,Pana,44.5,6.8,20,1.3,74,36,37,6.6,3.9,0.2,1178,26,118,153,4.8,102,10.9,4.6,3.2,11.6,6.29,0.77,44.2,15.3
DEBS2022-001-092,Death Valley,Pana,46,8.2,13,1.3,158,33,156,7.7,4,0.2,180,35,99,157,5.7,105,10.8,6.6,3.6,2.4,3.85,0.09,55.3,23.2
DEBS2022-001-093,Death Valley,Pana,50,8.3,15,1.4,173,36,87,7.7,4.6,0.2,205,31,97,162,6,108,10.9,7.6,3.5,3.3,1.86,0.22,56.7,12.2
DEBS2022-001-094,Death Valley,Pana,54.5,7.7,16,1.6,112,44,423,7.2,4.5,0.2,930,32,107,160,6.4,96,11,6.8,3.5,<2,2.53,0.09,68.4,NA
DEBS2022-001-095,Death Valley,PBHM,52.5,7.8,19,1.4,118,59,124,7.3,4.1,0.1,178,23,92,159,5.5,107,10.1,7.7,4.3,2.5,3.55,0.14,55,10.5
DEBS2022-001-096,Death Valley,PBHM,49,7.8,14,1.5,154,62,79,7.5,4,0.2,358,18,97,161,5.6,111,10,9.3,4.3,3.2,2.93,0.16,52.4,16.6
DEBS2022-001-097,Death Valley,PBHM,49.5,7.9,21,1,146,83,80,7.3,4.3,0.2,155,17,79,161,6,110,10.3,9.3,3.5,3.3,4.26,0.13,53.7,NA
DEBS2022-001-100,Death Valley,PBHM,51.5,8.1,18,1.3,159,46,72,7.7,4.3,0.1,192,22,93,158,5.4,109,10.5,7.6,3.6,4,4.43,0.23,50.4,15.3
PEBS2020-004-002,Peninsular,NA,NA,NA,9,1.4,110,51,78,7.8,4.2,0.3,507,36,81,151,5.9,103,11.4,10.3,3.9,6.3,3.8,0.13,47.6,NA
PEBS2020-004-006,Peninsular,NA,NA,NA,9,1.6,130,48,86,7.9,4.3,0.2,206,27,68,158,5.2,112,10.2,6.4,4,4.1,2.51,0.14,47.1,NA
PEBS2020-004-008,Peninsular,NA,NA,NA,9,1.4,121,51,134,8.4,3.9,0.2,321,46,170,156,5,107,10.4,6.2,4.2,4.8,3.97,0.09,49.2,NA
PEBS2020-004-009,Peninsular,NA,NA,NA,13,1.9,133,57,108,8.5,4.4,0.2,286,31,71,164,6.1,113,11.5,6.6,4.2,4.8,3.13,0.12,52.3,NA
PEBS2020-004-010,Peninsular,NA,NA,NA,6,1.5,135,43,133,8.3,4.2,0.2,261,26,100,162,6.1,109,11.1,8.3,4.5,3.1,2.92,0.12,56,43.3
PEBS2020-004-011,Peninsular,NA,NA,NA,13,1.5,114,44,113,7.9,4.3,0.3,311,27,183,153,5.6,109,10.6,5.5,4.4,5,2.86,0.1,44.6,NA
PEBS2020-004-012,Peninsular,NA,NA,NA,19,2,161,43,71,8.8,3.6,0.2,430,46,127,158,6.3,110,10.2,8,4.7,3.9,2.69,0.13,50.4,45.5
PEBS2020-004-013,Peninsular,NA,NA,NA,8,2,139,59,166,8.3,4.1,0.3,247,60,207,160,6.3,101,11.3,8.6,4.7,2.8,3.77,0.12,62.5,NA
PEBS2020-004-014,Peninsular,NA,NA,NA,11,1.7,90,58,67,8.7,4.2,0.2,468,29,87,161,5.8,113,10.6,8.1,3.4,4.2,3.25,0.16,49.6,NA
PEBS2020-004-015,Peninsular,NA,NA,NA,16,2.2,109,40,216,7.7,3.8,0.2,472,42,79,166,5.9,108,11,7.8,4.2,2.6,2.59,0.16,61.3,38.5
PEBS2020-004-016,Peninsular,NA,NA,NA,11,1.7,101,46,135,8.9,4.2,0.2,142,48,200,157,6.6,104,11.6,9,4.4,3,3.78,0.12,56.6,NA
PEBS2020-004-019,Peninsular,NA,NA,NA,18,1.9,142,67,83,8.6,4.2,0.2,155,40,112,160,6.4,107,11.1,7.4,3.5,2.4,2.79,0.14,57,NA
PEBS2020-004-020,Peninsular,NA,NA,NA,13,1.7,122,42,125,8.5,4.2,0.2,304,40,229,159,6.3,108,11.1,7.6,3.4,2.5,3.69,0.1,54.8,NA
PEBS2020-004-022,Peninsular,NA,NA,NA,13,2,126,41,64,8.8,3.9,0.2,248,24,68,157,5.2,108,10.5,7,2.9,8.3,4.1,0.19,45.9,23.3
PEBS2020-004-023,Peninsular,NA,NA,NA,14,1.9,105,68,62,8.8,4.8,0.4,418,19,89,162,7.2,113,11.5,6.5,3.9,6.5,2.08,0.15,49.7,NA
PEBS2020-004-024,Peninsular,NA,NA,NA,10,1.9,144,49,110,10.2,4.3,0.2,191,33,79,162,6.7,112,11.6,8.6,4.2,3.8,2.72,0.15,52.9,24.7
PEBS2020-004-025,Peninsular,NA,NA,NA,14,1.6,112,62,116,8.9,4.1,0.2,271,38,118,156,5.7,105,11.6,6.2,3.6,6.6,4.1,0.2,50.1,NA
PEBS2020-004-026,Peninsular,NA,NA,NA,11,1.8,126,40,234,7.8,4,0.2,247,29,68,160,5,104,10.9,5.8,3.3,5.2,3.16,0.1,55.8,19
PEBS2020-004-027,Peninsular,NA,NA,NA,14,2,121,54,114,8.2,4.3,0.2,350,20,70,158,5.3,109,10.9,6.5,3.5,4.3,3.38,0.09,50,NA
PEBS2020-004-028,Peninsular,NA,NA,NA,9,1.7,124,46,75,9.6,4.1,0.2,247,29,68,155,6.4,107,11,7.2,4.5,8.2,3.9,0.15,46.2,NA
PEBS2020-004-029,Peninsular,NA,NA,NA,11,2.3,108,59,103,8.4,3.9,0.2,322,29,128,156,6.1,109,11.1,6,3.5,6.7,2.74,0.15,46.4,NA
PEBS2020-004-030,Peninsular,NA,NA,NA,13,2.3,123,40,80,8.5,4.1,0.2,190,42,143,164,5.8,113,11.7,5,3.8,4.8,3.09,0.15,52,NA
PEBS2020-004-031,Peninsular,NA,NA,NA,19,1.7,125,41,81,9.1,4.3,0.2,243,28,108,166,6,116,11,6.3,4.6,3.7,3.35,0.21,52.3,NA
PEBS2020-004-032,Peninsular,NA,NA,NA,14,1.9,155,45,127,8.7,4.4,0.3,458,43,113,166,5.8,111,11.4,7.8,4.2,3.7,3.23,0.11,57.1,NA
PEBS2020-004-033,Peninsular,NA,NA,NA,12,1.6,134,46,154,8.9,3.5,0.2,400,34,84,141,4.8,98,10.2,6.2,3.8,7.3,3.03,0.11,40.5,NA
PEBS2020-004-034,Peninsular,NA,NA,NA,17,1.6,146,54,102,8,4.1,0.2,356,33,80,164,5.4,105,10.9,9.7,3.2,4,3.19,0.12,60.4,NA
PEBS2020-004-035,Peninsular,NA,NA,NA,9,1.7,127,49,98,8.4,4.2,0.2,381,39,121,163,6.4,109,11.7,8.2,3.9,3.4,3.14,0.13,57,NA
PEBS2020-004-036,Peninsular,NA,NA,NA,6,1.7,93,47,80,9.3,3.6,0.2,242,46,234,153,5.8,102,10.4,8.2,4.1,5.5,3.57,0.13,51.3,NA
PEBS2020-004-038,Peninsular,NA,NA,NA,8,1.9,107,47,77,9.5,4.7,0.3,367,39,116,162,5.1,109,11.7,59,3.8,7.4,3.32,0.17,50.7,NA
PEBS2020-004-040,Peninsular,NA,NA,NA,13,1.6,121,45,109,9.3,3.8,0.2,456,27,98,153,5.6,105,10.4,7.8,3,5,3.04,0.15,48.6,NA
PEBS2020-004-043,Peninsular,NA,NA,NA,11,1.6,127,56,113,7.8,4.4,0.3,216,46,186,156,6.4,107,11.6,5.6,4.6,2.1,2.91,0.09,53.3,NA
PEBS2020-004-045,Peninsular,NA,NA,NA,13,2,124,44,83,9,4.4,0.3,256,37,111,167,6.1,112,12,7.6,3.9,3,3.83,0.11,58.1,35.2
PEBS2020-004-046,Peninsular,NA,NA,NA,27,1.1,138,46,300,7.3,4.4,0.2,1098,31,86,153,5.9,99,10.3,9,2.9,3,3.75,0.1,56.9,NA
PEBS2020-004-047,Peninsular,NA,NA,NA,7,1.5,91,51,57,7.1,4.3,0.3,347,25,95,159,6,109,10.8,8.6,3.1,4.7,2.3,0.17,51.3,NA
PEBS2020-004-048,Peninsular,NA,NA,NA,8,1.7,77,70,94,7.2,4,0.3,181,21,68,166,5.5,115,11,7.2,3.3,5.7,2.55,0.14,50.8,NA
PEBS2020-004-049,Peninsular,NA,NA,NA,17,1.9,110,51,78,8.3,4.2,0.4,510,20,114,160,5.8,110,11.7,5.6,3.4,2.8,3.34,0.08,53,NA
PEBS2020-004-050,Peninsular,NA,NA,NA,10,1.9,129,58,134,7.5,3.9,0.3,179,27,106,162,5.2,110,10.7,6.5,3.6,2.2,2.7,0.11,55,NA
PEBS2020-004-051,Peninsular,NA,NA,NA,15,1.5,77,61,71,8.3,4.3,0.4,714,28,90,163,6.1,112,12,6.2,3.7,3.8,2.6,0.17,53.3,NA
PEBS2020-004-052,Peninsular,NA,NA,NA,9,1.8,109,51,117,6.5,3.9,0.3,274,41,130,158,5.5,105,10.8,5.8,3.6,3.8,3.39,0.15,54.7,NA
PEBS2020-004-053,Peninsular,NA,NA,NA,9,2.1,104,39,51,9.3,3.5,0.3,154,24,72,158,6.1,113,10.8,7,3.8,2,2.64,0.09,49.1,NA
PEBS2020-004-054,Peninsular,NA,NA,NA,11,1.7,114,60,119,7.6,4.2,0.4,211,28,101,158,5.7,108,11,5.4,3.7,4,3.44,0.12,51.7,NA
PEBS2020-004-055,Peninsular,NA,NA,NA,30,1.2,109,52,191,7.8,4,0.2,543,30,138,155,5.9,106,9.6,7.2,3.4,4.6,3.01,0.12,50.3,NA
PEBS2020-004-056,Peninsular,NA,NA,NA,22,1.3,104,46,93,8,4.1,0.2,535,25,180,156,5.4,106,10,7.8,2.9,7.1,2.56,0.15,48.3,NA
PEBS2020-004-057,Peninsular,NA,NA,NA,11,1.6,93,51,85,7.1,4,0.3,369,23,81,160,5.4,109,11.3,7.6,3.6,4.3,3.56,0.17,52.1,NA
PEBS2020-004-058,Peninsular,NA,NA,NA,24,1.4,79,32,76,9.4,3.1,9.2,379,36,77,150,5.2,103,10.1,7.7,2.6,6,2.66,0.14,46.2,14.4
PEBS2020-004-059,Peninsular,NA,NA,NA,11,1.7,124,49,242,6.7,3.8,0.2,197,25,60,164,5.4,110,10.6,6.5,3.1,4,2.6,0.11,55.4,NA
PEBS2020-004-060,Peninsular,NA,NA,NA,9,1.9,146,70,229,6.7,3.8,0.4,230,20,111,158,6.1,104,10.2,6.5,3.6,3.1,2.49,0.06,57,NA
PEBS2020-004-061,Peninsular,NA,NA,NA,9,2.1,96,57,69,6.8,3.9,0.3,1828,32,155,155,5.7,107,11,6.5,3.3,4.7,2.27,0.17,49,NA
PEBS2020-004-062,Peninsular,NA,NA,NA,19,1.2,130,73,137,7.8,4.2,0.5,173,28,94,156,6.1,104,11.1,8.2,3.2,3.9,5.28,0.08,54.2,NA
PEBS2020-004-063,Peninsular,NA,NA,NA,21,1.5,91,45,61,9.1,4.4,0.2,240,35,65,162,5.6,108,11.7,9.2,3.2,6.8,2.8,0.13,52.8,17.9
PEBS2020-004-064,Peninsular,NA,NA,NA,19,1.3,108,70,129,7.9,4.4,0.5,310,31,89,163,5.6,108,11.4,7.9,3.5,4.4,4.38,0.06,56.2,NA
PEBS2020-004-065,Peninsular,NA,NA,NA,12,1.7,101,49,90,7.7,4.1,0.2,279,32,125,166,5.1,109,11.3,6.9,3.2,3.4,3.21,0.13,59.7,NA
PEBS2020-004-066,Peninsular,NA,NA,NA,15,1.6,120,60,33,7,3.7,0.4,505,30,123,155,5,105,10.6,5.5,3.8,9.7,3.13,0..29,45.3,NA
PEBS2020-004-067,Peninsular,NA,NA,NA,33,1.2,97,90,125,8.8,4.8,0.5,856,29,117,155,8,111,10.5,7.2,3.3,2.7,3.33,0.08,49.3,NA
PEBS2020-004-068,Peninsular,NA,NA,NA,13,2,97,62,71,9.7,3.7,0.4,338,52,102,162,4.8,110,11.1,8.8,3.2,9.4,2.63,0.17,47.4,NA
PEBS2020-004-069,Peninsular,NA,NA,NA,12,1.9,138,43,169,7.4,3.9,0.3,597,26,110,163,5.4,103,10.3,5.7,4,1.9,3.14,0.09,63.5,NA
PEBS2020-004-070,Peninsular,NA,NA,NA,6,1.8,99,51,84,7.3,4,0.3,353,20,64,157,4.9,108,12.6,5.5,3,6.2,2.42,0.16,47.7,NA
PEBS2020-004-071,Peninsular,NA,NA,NA,18,1.6,118,42,54,7.7,3.4,0.2,125,30,102,160,5.4,109,10.5,6.7,3.7,3.8,3.09,0.14,52.6,NA
PEBS2020-004-072,Peninsular,NA,NA,NA,9,1.9,94,54,112,8.2,4.4,0.3,254,28,82,160,4.8,105,10.9,7.1,2.9,3.2,2.62,0.16,56.6,NA
PEBS2020-004-073,Peninsular,NA,NA,NA,12,1.7,79,51,92,8.5,4.1,0.3,183,29,107,160,5.5,113,10.5,7.3,3.2,2.4,3.54,0.14,50.1,NA
PEBS2020-004-074,Peninsular,NA,NA,NA,9,1.7,121,40,169,7.6,3.8,0.3,495,29,98,159,5.7,109,10.5,7.4,3,3.9,2.09,0.1,51.8,NA
PEBS2020-004-075,Peninsular,NA,NA,NA,22,1.3,117,71,166,8.1,3.9,0.5,297,20,65,152,6,107,9.5,6.1,2.8,2.1,2.6,0.07,48.9,NA
PEBS2020-004-076,Peninsular,NA,NA,NA,16,1.8,102,51,103,7.7,3.6,0.3,196,30,272,155,5.6,105,11,6.9,3.3,3.6,3.59,0.08,52,NA
PEBS2020-004-077,Peninsular,NA,NA,NA,19,1.6,126,40,88,7.3,3.8,0.2,223,39,128,161,5.6,111,10.8,6.3,3.4,1.9,3.93,0.09,53.7,NA
PEBS2020-004-078,Peninsular,NA,NA,NA,14,2.2,139,102,91,8.3,4.6,0.7,653,32,143,168,9.1,111,11.6,8.6,4.1,2,2.14,0.14,64.1,NA
PEBS2020-004-079,Peninsular,NA,NA,NA,22,1.3,95,31,41,11.6,2.5,0.1,572,29,99,156,6.5,110,10.3,8.1,2.8,7.4,1.76,0.09,45.1,5
PEBS2020-004-085,Peninsular,NA,NA,NA,18,1.7,89,63,73,7.7,4.2,0.3,337,21,63,160,5.9,112,11.5,6.8,4.1,6.4,3.3,0.11,47.4,NA
PEBS2021-001-001,Peninsular,Villager ewe group,NA,NA,19,1.7,132,66,137,7.5,3.9,0.2,228,23,73,158,4.8,109,9.8,8.3,3.4,7.9,3.54,0.06,45.9,NA
PEBS2021-001-002,Peninsular,Buck Ridge ewe group,NA,NA,13,1.7,115,58,118,8.3,3.2,0.1,323,26,98,145,5.3,102,9.5,7.4,4,8.2,3.47,0.03,40.1,47.7
PEBS2021-001-003,Peninsular,Collins Valley ewe group,NA,NA,19,1.7,144,37,84,8.5,3.8,0.2,267,83,258,153,5.6,107,11,6.4,3.6,6.5,2.83,0.1,45.1,221.7
PEBS2021-001-004,Peninsular,Calcite ewe group,NA,NA,21,1.2,121,74,129,8.3,4.2,0.3,147,27,127,153,6.2,104,10.3,9.6,3.8,7.4,3.46,0.04,47.8,NA
PEBS2021-001-007,Peninsular,TBD - Assumed Calcite ewe group,NA,NA,16,1.7,135,48,134,8.3,3.6,0.2,300,57,184,153,5,101,10.1,7.7,3.4,7.9,4.2,0.06,49.1,NA
PEBS2021-001-008,Peninsular,In-Ko-Pah Ewe Group,NA,NA,8,2.1,62,50,128,8.6,4.3,0.3,243,25,111,157,5.9,103,11.1,6.9,4.8,6.6,2.95,0.2,53.3,30.9
PEBS2021-001-009,Peninsular,Sunset Ewe Group,NA,NA,15,1.8,123,56,80,9.7,4.3,0.2,206,29,128,160,5.6,113,10.7,9.2,4.9,5.7,2.96,0.11,46.9,26.3
PEBS2021-001-010,Peninsular,Fish Creek Mtns. Ewe group,NA,NA,11,1.7,123,57,128,8.4,4.4,0.3,164,22,149,154,5.8,106,11.1,5.4,3.6,7.8,4.35,0.06,46,NA
PEBS2021-001-013,Peninsular,NSYM - Urban subewe group,NA,NA,28,1.7,96,60,106,8,4.4,0.3,524,22,81,156,7.4,110,11.1,8.2,3.3,6.2,2.5,0.14,47.2,27.9
PEBS2021-001-014,Peninsular,Villager ewe group - Assumed,NA,NA,23,1.6,115,50,175,7.6,3.8,0.2,343,34,93,148,4.8,103,10.1,7.3,3.1,10,3.29,0.07,39.8,40.1
PEBS2021-001-015,Peninsular,Villager ewe group,NA,NA,19,1.2,82,41,124,7.5,3.9,0.2,372,26,67,144,6.4,102,9.6,6.6,2.9,11.1,2.53,0.06,37.3,16.9
PEBS2021-001-015,Peninsular,NSYM - Urban subewe group,NA,NA,NA,NA,NA,NA,NA,NA,NA,NA,NA,NA,NA,NA,NA,NA,NA,NA,NA,NA,NA,NA,NA,NA
PEBS2021-001-016,Peninsular,Calcite ewe group,NA,NA,20,1.7,117,65,127,8.5,3.9,0.2,146,42,160,156,6.5,104,11.4,9.5,4.1,6.6,3.14,0.09,51.9,NA
PEBS2021-001-017,Peninsular,SSYM ewe group,NA,NA,NA,NA,NA,NA,NA,NA,NA,NA,NA,NA,NA,NA,NA,NA,NA,NA,NA,NA,NA,NA,NA,NA
PEBS2021-001-018,Peninsular,SSYM ewe group,NA,NA,14,1.8,154,52,105,9.7,4.3,0.2,119,33,95,163,5.6,110,11.5,8.7,4.8,5.5,2.77,0.1,53.1,24.9
PEBS2021-001-019,Peninsular,SSYM ewe group,NA,NA,15,2,124,51,103,8.6,4.1,0.2,282,29,90,159,5.4,110,10.8,6,3.9,7.7,3.7,0.09,46.7,30.9
PEBS2021-001-022,Peninsular,Collins Valley - Assumed,NA,NA,20,1.3,111,43,119,7.9,3.9,0.2,211,27,93,150,5.1,100,10.3,6.3,4.3,12.4,3.83,0.09,42.7,20
PEBS2021-001-025,Peninsular,Coyote Peak ewe group (formerly defined as Coyote Mtn),NA,NA,22,2.2,123,51,115,8.4,4.2,0.2,133,32,151,155,5.6,107,11.3,7.7,3.4,5.8,2.91,0.13,47.8,57.3
PEBS2021-001-026,Peninsular,TBD - Assumed Collins Valley,NA,NA,29,1.9,59,64,70,9.2,4.2,0.3,544,24,121,145,5.8,105,10.6,8.3,3.2,7.1,3.17,0.19,38.7,NA
PEBS2021-001-028,Peninsular,Coyote Peak ewe group (formerly defined as Coyote Mtn),NA,NA,26,2.5,138,54,50,8.7,3.8,0.2,139,39,107,152,5.4,109,11,5.4,3.2,7.9,2.36,0.28,40.5,22.9
PEBS2021-001-029,Peninsular,Coyote Peak ewe group (formerly defined as Coyote Mtn),NA,NA,21,2.4,136,68,116,7.9,3.9,0.2,710,25,138,155,5.2,108,10.4,9,3.3,7.6,3.09,0.1,44.6,39.4
PEBS2021-001-031,Peninsular,Coyote Peak ewe group (formerly defined as Coyote Mtn),NA,NA,27,1.9,141,61,96,8.9,3.8,0.2,345,25,103,153,4.7,108,10.9,7.9,3.1,9.3,3.03,0.11,40.4,26.6
PEBS2021-001-032,Peninsular,Collins Valley ewe group,NA,NA,17,1.6,117,48,106,9.3,3.5,0.2,277,30,131,149,5.6,103,10.1,7.1,3,11.3,2.47,0.12,40.3,42.3
PEBS2021-001-033,Peninsular,NSYM - Wild subewe group,NA,NA,11,1.7,118,44,111,7.4,3.4,0.2,266,31,186,154,5.8,107,10.2,7.2,3.6,8.3,2.79,0.07,44.5,142.8
PEBS2021-001-034,Peninsular,NSYM - Urban subewe group,NA,NA,19,1.6,128,56,105,8.4,4.6,0.2,342,38,128,156,5.1,106,11.6,6.7,3.7,10.8,2.05,0.12,44.3,36.6
PEBS2021-001-035,Peninsular,Coyote Peak ewe group (formerly defined as Coyote Mtn),NA,NA,10,1.8,134,55,158,8.3,4.3,0.2,146,53,109,156,6.1,105,10.5,8.6,5.5,7.1,3.23,0.06,50,NA
PEBS2021-001-036,Peninsular,Coyote Peak ewe group (formerly defined as Coyote Mtn),NA,NA,NA,NA,NA,NA,NA,NA,NA,NA,NA,NA,NA,NA,NA,NA,NA,NA,NA,NA,NA,NA,NA,NA
PEBS2021-001-039,Peninsular,Jacumba Ewe Group,NA,NA,16,2.2,137,52,119,8.8,4,0.3,209,45,434,153,5.8,105,11.6,3.2,3.8,7.5,2.5,0.19,46.3,NA
PEBS2021-001-040,Peninsular,Jacumba Ewe Group,NA,NA,7,1.8,105,50,126,7.4,3.7,0.2,152,31,140,151,4.7,103,10.2,6.9,3,7,2.99,0.09,45.7,126
PEBS2021-001-041,Peninsular,Vallecito Ewe Group,NA,NA,19,1.7,112,69,57,9.2,4.3,0.2,128,17,76,158,6.8,109,11.1,9.8,3.7,9.2,2.46,0.07,46.6,20.1
PEBS2021-001-043,Peninsular,Calcite ewe group,NA,NA,15,1.4,104,100,100,8.4,4.5,0.8,370,13,196,156,8,106,9.6,8.3,3.8,8.9,4.18,0.03,49.1,NA
PEBS2021-001-044,Peninsular,Fish Creek Mtns. Ewe group,NA,NA,11,1.6,106,48,146,8.3,3.9,0.2,293,24,183,154,6.1,105,10.5,8,4,9.2,3.79,0.08,45.9,114
PEBS2021-001-045,Peninsular,Fish Creek Mtns. Ewe group,NA,NA,7,1.8,144,45,124,7.6,4,0.2,188,22,95,154,6.4,100,10.1,9.9,4.3,5.9,2.96,0.06,54.5,NA
PEBS2021-001-046,Peninsular,Vallecito Ewe Group,NA,NA,15,1.6,140,45,267,9.7,3.1,0.2,359,25,132,148,6.3,98,10.6,6.9,3.4,7.1,3,0.05,49.2,31.7
PEBS2021-001-047,Peninsular,Fish Creek Mtns. Ewe group,NA,NA,12,1.6,117,66,84,8.7,4,0.2,152,22,102,149,4.9,102,10.4,6.4,4.3,8.5,3.77,0.13,43.4,35.1
PEBS2021-001-048,Peninsular,Vallecito Ewe Group,NA,NA,20,1.6,157,70,166,8.4,4.1,0.4,703,25,249,145,6.3,100,10.1,10,3.7,8.1,3.06,0.09,43.2,NA
PEBS2021-001-049,Peninsular,In-Ko-Pah Ewe Group,NA,NA,8,2.4,117,41,120,8.7,4.1,0.2,99,24,54,156,5.3,106,11.1,4.8,6.2,7.4,1.58,0.07,47.9,18.2
PEBS2021-001-050,Peninsular,Fish Creek Mtns. Ewe group,NA,NA,12,1.6,153,52,159,7.6,3.8,0.2,178,26,193,153,4.7,101,10.3,6.9,3.6,6.4,5.52,0.06,50.3,143.1
PEBS2021-001-051,Peninsular,SSYM ewe group,NA,NA,11,1.5,137,60,114,9.1,4.1,0.2,317,30,152,157,6.8,107,11.6,6.9,4.3,6.3,3.17,0.08,50.5,NA
PEBS2021-001-052,Peninsular,Tierra Blanca Ewe Group,NA,NA,13,1.9,103,42,103,8.2,3.7,0.2,204,22,92,149,5.3,106,10.9,5.7,3.4,8.1,3.42,0.06,40.2,40.4
PEBS2021-001-053,Peninsular,Jacumba Ewe Group,NA,NA,13,1.6,150,39,210,6.9,3.7,0.2,225,46,138,149,5.9,96,10.5,7.9,3.4,5.4,3.18,0.08,53.5,114.6
PEBS2021-001-054,Peninsular,Jacumba Ewe Group,NA,NA,15,2,142,29,126,7.8,3.7,0.2,211,29,326,142,4.6,97,10.8,3.5,3.6,9,3.07,0.16,40.6,228.1
PEBS2021-001-055,Peninsular,Tierra Blanca Ewe Group,NA,NA,16,2.4,150,41,88,9.5,3.7,0.2,114,34,90,158,6.1,109,11.7,5.3,3.4,8,1.64,0.08,47.1,22.2
PEBS2021-001-056,Peninsular,Carrizo Gorge Ewe Group,NA,NA,9,1.9,127,29,164,8,3.7,0.2,195,39,402,152,4.7,101,10.7,7.1,3.4,7.3,3.62,0.07,48.4,173.1
PEBS2021-001-057,Peninsular,Coyote Mountains Ewe Group,NA,NA,16,2,104,66,156,8.6,3.9,0.2,123,28,98,148,5.6,104,11.1,8,4.4,10.5,2.77,0.08,39.1,77.3
PEBS2021-001-058,Peninsular,Carrizo Gorge Ewe Group,NA,NA,11,1.6,93,35,77,8.5,3.8,0.2,205,28,104,151,4.4,103,9.8,7.3,3.6,12.2,2.8,0.08,40.2,37.9
PEBS2021-001-059,Peninsular,Jacumba Ewe Group,NA,NA,16,1.5,105,42,127,7.9,3.9,0.2,210,30,153,152,5.6,104,10.4,5.7,3.4,8.6,3.24,0.07,45,93.4
PEBS2021-001-060,Peninsular,Carrizo Gorge Ewe Group,NA,NA,9,1.7,129,36,222,8.5,4,0.2,337,67,254,156,5.1,103,9.9,7.2,3.4,5.9,3.43,0.07,52.2,187
PEBS2021-001-061,Peninsular,Sunset Ewe Group,NA,NA,17,1.7,68,69,114,9.3,4.3,0.2,185,33,180,156,5.8,108,11.6,9.5,4.4,6.5,4.81,0.12,47.3,NA
PEBS2021-001-062,Peninsular,Calcite ewe group,NA,NA,23,1.6,89,82,71,8.3,3.9,0.3,408,22,156,153,6,104,10.8,9.3,3.8,9.6,5.98,0.14,45.4,NA
PEBS2021-001-065,Peninsular,Vallecito Ewe Group,NA,NA,17,1.6,151,39,96,8.7,3.7,0.2,222,29,91,150,5.8,102,10.9,5.6,3.6,7.9,2.62,0.07,45.9,39
PEBS2021-001-067,Peninsular,Guadalupe subewe group (wild),NA,NA,20,1.5,139,42,283,7.3,3.8,0.2,1216,33,165,149,6,98,10,6.2,3.8,8.5,3.5,0.06,48.5,93.3
PEBS2021-001-068,Peninsular,SJM ewe group,NA,NA,15,1.5,113,52,183,7.8,4.1,0.2,354,38,147,151,6.6,102,10.6,7.4,3.7,6.6,2.6,0.07,49,113.8
PEBS2021-001-069,Peninsular,SJM ewe group,NA,NA,21,2,146,34,204,7.7,3.6,0.2,261,38,288,154,5.8,101,11,6.5,3.4,6,2.8,0.12,52.8,24.3
PEBS2021-001-070,Peninsular,Guadalupe subewe group (wild),NA,NA,14,1.5,105,44,287,6.7,3.6,0.2,878,30,82,151,5.8,94,10.3,6.1,4.7,13,4.94,0.07,49.8,28.8
PEBS2021-001-073,Peninsular,Guadalupe subewe group (wild),NA,NA,16,1.6,155,36,321,6.7,3.7,0.2,1244,88,197,150,6.3,94,10.1,7.1,3.5,12.3,3.9,0.05,50,162.5
PEBS2021-001-074,Peninsular,SJM ewe group,NA,NA,NA,NA,NA,NA,NA,NA,NA,NA,NA,NA,NA,NA,NA,NA,NA,NA,NA,NA,NA,NA,NA,NA
PEBS2021-001-075,Peninsular,Guadalupe subewe group (wild),NA,NA,14,1.7,128,46,195,8.2,3.5,0.2,541,24,338,156,6.7,104,10.6,6.9,4.21,6.9,4.21,0.07,51.8,34.7
PEBS2021-001-076,Peninsular,Guadalupe subewe group (wild),NA,NA,15,1.5,86,47,84,8.2,4,0.2,651,25,89,154,9,102,11.2,6.6,4.2,9.3,3.72,0.14,51.7,35
PEBS2021-001-079,Peninsular,NSYM - Urban subewe group,NA,NA,18,1.3,71,46,239,7.4,4,0.2,772,34,119,145,6,96,9.8,7.5,3,10,2.87,0.08,45,33.8
PEBS2022-003-001,Peninsular,SSYM,46.5,9.2,23,1.4,123,58,129,9,3.7,0.2,208,19,97,157,6.2,107,10,8.7,4,2.4,3.03,0.12,53.8,NA
PEBS2022-003-002,Peninsular,SSYM,53,9.4,19,1.6,147,64,161,9.1,4.1,0.2,596,20,123,159,6.6,107,10.2,10.4,4.2,<2,2.74,0.1,56.6,NA
PEBS2022-003-003,Peninsular,Jacumba,47,9.5,25,1.6,163,47,72,9.3,4.3,0.2,276,20,147,163,7,111,11.4,9.2,3.6,4,2.94,0.16,55,83.1
PEBS2022-003-004,Peninsular,Jacumba,NA,NA,NA,NA,NA,NA,NA,NA,NA,NA,NA,NA,NA,NA,NA,NA,NA,NA,NA,NA,NA,NA,NA,NA
PEBS2022-003-005,Peninsular,Jacumba,55.5,9.2,24,1.3,148,53,301,8,4.4,0.2,526,19,122,159,5.5,105,10,8,3.2,<2,2.91,0.13,57.5,31.2
PEBS2022-003-006,Peninsular,Jacumba,52,8.5,21,1.1,185,44,140,8.8,4.5,0.2,374,28,130,157,6.5,107,11.6,10.3,3.6,2.9,4.69,0.16,53.6,42
PEBS2022-003-007,Peninsular,IKP,50.5,9.6,17,1.1,105,49,126,8.8,4,0.2,387,26,66,153,5.1,105,10,8,3.4,4.7,4.21,0.11,48.4,NA
PEBS2022-003-008,Peninsular,CoC,48,8.6,27,1.2,141,45,126,8.2,4,0.2,385,22,108,157,5.5,108,10.1,7.6,3.1,2.7,3.93,0.11,51.8,14.5
PEBS2022-003-009,Peninsular,IKP,54,8.3,25,1.2,160,42,132,7.8,4.4,0.2,233,33,141,161,5.7,108,11.5,10.4,3.4,2.8,3.88,0.18,55.9,40.1
PEBS2022-003-010,Peninsular,Jacumba,45,8.3,21,1.4,132,42,91,8,3.9,0.2,440,22,117,158,5.5,108,10,7,2.9,4.1,3.32,0.19,51.4,NA
PEBS2022-003-011,Peninsular,SSYM,46,9.1,20,1.6,154,54,171,8.5,4,0.2,174,18,96,164,6.5,109,10.2,9.1,4,<2,2.71,0.13,59.5,NA
PEBS2022-003-012,Peninsular,SSYM,48.5,8.6,17,1.5,135,36,124,8.1,3.8,0.2,534,16,91,154,5,105,9.9,7.2,4.3,6,3.44,0.18,48,NA
PEBS2022-003-013,Peninsular,NSYM,45.5,8.3,23,1.3,112,45,50,8.1,3.7,0.2,372,24,87,152,5.6,107,10.2,8,2.8,7.5,4.9,0.24,43.1,19.2
PEBS2022-003-014,Peninsular,NSYM,40,10.7,19,1.3,92,27,45,9.7,2.9,0.2,316,23,58,153,5.8,107,9.8,8.6,3,6.2,2.61,0.12,45.6,4.5
PEBS2022-003-015,Peninsular,NSYM,43.5,8.3,26,1.5,94,56,69,8.3,4.2,0.2,607,15,123,148,5.4,100,9.8,6,2.9,5.1,2.99,0.24,48.3,NA
PEBS2022-003-016,Peninsular,Sunset,50,8.7,23,1.3,151,52,128,8.3,3.9,0.2,127,26,108,159,5.6,107,10.5,8.7,3.4,2.2,4.07,0.15,55.4,6.5
PEBS2022-003-017,Peninsular,Sunset,49,9,23,1.4,197,49,167,8.4,4.3,0.2,229,33,162,154,5.6,101,10.4,7.7,3.5,3.1,4.16,0.17,55.5,12.5
PEBS2022-003-019,Peninsular,Lizard,47.5,8.8,17,1.3,136,35,189,8.7,4.2,0.2,264,21,81,157,5.5,103,10,10.2,3.7,<2,4.22,0.11,57.5,NA
PEBS2022-003-020,Peninsular,Jacumba,46,8.5,23,1.2,144,53,238,7.9,4.6,0.2,452,29,175,159,6.9,104,10.4,8.3,3.4,<2,3.05,0.15,59.9,NA
PEBS2022-003-021,Peninsular,Jacumba,48,8.9,24,1.4,137,46,116,8.4,3.9,0.2,271,24,89,159,6,108,10.2,9.4,2.8,3.4,2.78,0.14,53.6,14.8
PEBS2022-003-023,Peninsular,Carrizo,45,8.8,NA,NA,NA,NA,NA,NA,NA,NA,NA,NA,NA,NA,NA,NA,NA,NA,NA,NA,NA,NA,NA,NA
PEBS2022-003-024,Peninsular,Carrizo,44,8.7,16,1.5,160,54,191,8.2,3.7,0.1,239,26,84,155,4.6,104,10.1,7.5,3.3,4.8,5.63,0.14,50.8,24.9
PEBS2022-003-025,Peninsular,Carrizo,50,7.8,23,1.2,134,41,96,7.5,3.8,0.1,492,19,99,152,5,106,9.4,9.4,3,4.4,4.89,0.17,46.6,4.3
PEBS2022-003-026,Peninsular,Carrizo,50.5,8.1,28,1.3,121,44,151,7.5,4.3,0.2,411,24,98,160,5.5,105,10.5,8.1,3.4,<2,5.54,0.13,58.5,12
PEBS2022-003-029,Peninsular,SSRM,45,8.3,23,1.2,140,36,160,9.2,3.9,0.2,331,61,98,156,5,104,10.6,7.9,3.2,5,3.81,0.12,52,28.5
PEBS2022-003-030,Peninsular,SSRM,46,9.1,26,1.1,101,67,101,8.8,3.7,0.2,318,23,98,152,4.9,103,9.5,9.1,2.8,4.7,3.16,0.28,49.2,20.2
PEBS2022-003-031,Peninsular,SSRM,51,8.6,26,1.2,174,67,124,8,4,0.2,288,20,88,157,6.3,106,9.8,8.4,3.2,<2,4.82,0.22,55.3,15
PEBS2022-003-033,Peninsular,SSRM,43,7.7,22,1.1,160,57,138,7.3,3.7,0.2,385,30,87,154,5.6,103,10,10.2,3.5,3.5,5.34,0.17,53.1,11.7
PEBS2022-003-034,Peninsular,SSRM,49.5,8.8,20,1.4,153,43,202,8.3,4,0.2,358,36,172,160,6.6,104,10.8,10.5,3.1,<2,2.69,0.13,60.6,103.4
PEBS2022-003-035,Peninsular,SSRM,46.5,8.2,20,1.1,142,40,101,7.6,3.8,0.2,372,40,112,156,5.8,104,10.3,10.3,3.1,3.7,3.94,0.14,54.1,25.1
PEBS2022-003-036,Peninsular,SSRM,49,8.8,23,1.3,156,57,126,8.7,4,0.2,594,23,152,159,6.5,106,11.1,9.5,3.5,3.1,4.43,0.17,56.4,26.3
PEBS2022-003-037,Peninsular,SSRM,51,8.6,25,1.3,134,62,172,8.1,4.1,0.2,256,27,104,157,6.2,104,9.8,9.2,3.1,2.3,4.62,0.14,56.9,19.2
PEBS2022-003-038,Peninsular,SSRM,45,8.9,22,1.4,85,61,144,9.5,4.2,0.2,934,14,103,158,6.3,107,10.9,7.2,4.2,4.2,3.54,0.14,53.1,NA
PEBS2022-003-039,Peninsular,SSRM,44.5,7.7,29,1.4,123,47,140,7.5,3.9,0.2,936,20,126,156,5.5,102,9.4,10.4,3,3.3,3.81,0.11,56.2,7.4
PEBS2022-003-040,Peninsular,CoC,49,9.1,34,1.3,143,51,212,8.4,3.8,0.2,148,38,230,157,5.3,106,10.6,9,3.2,<2,3.55,0.12,54.3,39.1
PEBS2022-003-041,Peninsular,SSRM,49,8.4,17,1.2,136,51,139,9,4.1,0.2,377,29,126,163,6.3,110,11.2,10,3.7,3.9,4.24,0.21,55.4,21.6
PEBS2022-003-042,Peninsular,VM,40,9.3,24,1.4,168,35,168,9,3.6,0.2,467,73,258,152,5.6,103,9.8,10.5,4.2,2.5,2.64,0.17,52.1,147.2
PEBS2022-003-043,Peninsular,CoC,55,9.6,23,1.4,121,50,96,9.2,4.4,0.2,259,25,105,157,6.3,111,11.3,8.8,3.5,4.4,2.95,0.14,47.9,10.6
PEBS2022-003-044,Peninsular,CoC,52.5,9.7,27,1.3,132,45,152,9.3,4.3,0.2,440,23,141,158,5.8,107,11,9.4,3.2,3.3,2.37,0.15,53.5,30
PEBS2022-003-045,Peninsular,CoC,54,10.4,24,1.2,101,62,116,9.9,4.1,0.2,416,22,99,154,6.1,109,10.3,9.1,3.3,3.9,2.82,0.14,47.2,NA
PEBS2022-003-048,Peninsular,Tierra Blanca,39,9.5,21,1.3,143,45,141,9.1,3.5,0.2,175,29,178,155,6,102,10.6,10.3,2.7,2.5,1.98,0.16,56.5,NA
PEBS2022-003-049,Peninsular,Tierra Blanca,53,8.8,22,1.3,121,62,195,8.5,4.2,0.2,227,16,130,156,5.6,108,10.3,8.4,3.5,2,4.07,0.11,51.6,NA
PEBS2022-003-050,Peninsular,VM,51,9.6,26,1.2,127,52,117,9.2,4.1,0.2,279,19,102,159,5.3,109,10.5,8.7,3.9,2.4,3.1,0.14,52.9,3.9
PEBS2022-003-051,Peninsular,COC,50,8,26,1.5,168,48,163,8.5,4.2,0.2,254,30,190,157,4.6,107,10.1,6.9,3.6,4.7,3.53,0.15,49.9,38.2
PEBS2022-003-054,Peninsular,Carrizo,54.5,8.5,30,1.4,126,39,192,8.3,4.2,0.2,240,35,83,160,6.5,106,11.5,9.6,3.6,2.3,3.87,0.14,58.2,16.4
PEBS2022-003-055,Peninsular,NSRM,44.5,7.5,22,1.4,151,43,153,7.3,3.7,0.3,403,30,155,152,5.3,105,9.6,7,3.9,5.2,2.95,0.12,47.1,42.9
PEBS2022-003-057,Peninsular,Carrizo,48.5,8,30,1.2,128,42,135,7.9,4,0.2,519,24,68,155,4.6,101,10.1,11,3.3,5.2,4.3,0.16,53.4,6.3
PEBS2022-003-061,Peninsular,COC,48.5,8.6,28,1.4,140,71,204,8.4,4.2,0.2,662,48,279,155,6.4,100,10,9.8,4,<2,3.23,0.13,59.4,127.7
PEBS2022-003-063,Peninsular,SJM,45.5,7.4,9,1.7,156,30,154,7.3,3.7,0.2,525,37,174,148,4.6,97,9.5,4.9,2.9,8.8,3.95,0.12,46.8,47.3
PEBS2022-003-067,Peninsular,NSRM,49,7.7,12,1.6,148,40,105,7.6,3.9,0.2,290,29,199,166,5.5,108,10.5,7.5,3.1,4.9,4.06,0.14,58.6,163.2
PEBS2022-003-069,Peninsular,NSRM,45,8.3,18,1.5,141,33,106,7.7,3.8,0.2,822,34,185,155,5.1,104,9.8,5.4,3.1,4.9,3.13,0.22,51.2,113.3
PEBS2022-003-070,Peninsular,SJM,47,7.2,14,1.5,157,33,217,7,3.5,0.2,577,27,79,152,4.3,97,9.6,6.4,2.9,7.2,3.77,0.13,52.1,3.5
PEBS2022-003-071,Peninsular,SJM,47.5,8.4,26,1.7,155,33,137,8.3,4.1,0.2,511,33,93,152,5.2,99,10.2,6.8,3.1,6.6,2.23,0.16,51.6,NA
SNBS2022-003-001,Sierra Nevada,Langley,60,9.6,22,2,212,56,207,9.4,4.7,0.1,384,23,71,157,4,103,10.8,6.9,3,3.2,3.1,0.13,54.8,32.5
SNBS2022-003-002,Sierra Nevada,Langley,54,8.3,20,2,219,43,252,7.6,4.6,0.2,763,31,90,155,4.1,101,9.8,5.7,3.3,5.6,1.47,0.12,52.5,7.7
SNBS2022-003-003,Sierra Nevada,Langley,48,7.2,28,2,84,50,69,6.5,3.8,0.3,2531,73,245,149,4.2,101,8.9,4.2,2.3,18.1,4.17,1.56,34.1,39.7
SNBS2022-003-004,Sierra Nevada,Langley,54,8.3,25,2.2,210,75,200,7.5,4.2,0.2,1307,36,123,149,5,96,11.2,7.5,3.1,8.3,2.33,0.17,49.7,1.8
SNBS2022-003-005,Sierra Nevada,Langley,49,7.5,19,2.3,198,33,63,7.1,4.3,0.2,1070,106,474,156,4.1,105,10.3,3.1,3.2,13.1,3.25,0.82,42,48.3
SNBS2022-003-006,Sierra Nevada,Langley,49,7.8,22,2.3,149,87,53,7.3,3.9,0.2,4651,25,142,148,4.4,101,10.7,3.9,3.3,9.2,4.1,0.29,42.2,14.5
SNBS2022-003-007,Sierra Nevada,GIBBS,59,8.6,18,2.3,186,35,372,8.1,4.9,0.2,420,62,298,152,5.5,99,11.3,6.6,3.1,2.4,2.25,0.07,56.1,NA
SNBS2022-003-008,Sierra Nevada,GIBBS,45.5,6.5,21,1.3,219,48,146,6.3,3.8,0.2,901,25,78,145,4.8,96,10.1,5.7,2.4,14.7,2.86,0.29,39.1,<0.5
SNBS2022-003-009,Sierra Nevada,GIBBS,46.5,6.8,23,1.4,209,43,96,6,3.9,0.2,839,22,72,146,3.4,102,9.9,2.5,2.2,17.8,3.36,1.2,29.6,NA
SNBS2022-003-010,Sierra Nevada,GIBBS,45.5,6.7,26,1.5,200,66,143,6.5,4,0.2,319,21,81,144,4.7,97,10.4,4.2,2.5,13.6,3.53,0.22,38.1,9.9
SNBS2022-003-011,Sierra Nevada,GIBBS,45.5,6.6,25,1.5,200,57,234,6.3,4,0.2,853,22,104,145,4.5,93,10,3.9,2.9,13.5,2.35,0.2,43,32.4
SNBS2022-003-012,Sierra Nevada,GIBBS,56,6.8,21,1.9,146,49,271,6.5,4.1,0.2,550,20,91,152,4.6,102,10.5,5.3,2.3,6,3.65,0.05,48.6,<0.5
SNBS2022-003-013,Sierra Nevada,GIBBS,48.5,7,20,1.5,281,64,203,6.6,3.8,0.2,1092,26,118,144,4.9,92,10.6,4.3,2.9,13.5,3,0.49,43.4,30.7
SNBS2022-003-014,Sierra Nevada,WARREN,50,6.5,15,1.7,228,40,261,6.1,3.9,0.2,643,25,73,151,4.5,94,11.1,5.4,2.9,5.4,3.82,0.1,56.1,7
SNBS2022-003-015,Sierra Nevada,WARREN,48.5,6.7,18,1.6,296,67,268,5.7,3.5,0.2,2677,18,102,147,5.6,90,12.6,6.6,3,8.3,3.79,0.16,54.3,NA
SNBS2022-003-016,Sierra Nevada,WARREN,50.5,7.2,21,1.7,189,54,265,6.9,4.2,0.2,266,20,65,152,4.3,97,10.4,5.2,2.9,5.9,3.78,0.1,53.4,10.2
SNBS2022-003-017,Sierra Nevada,WARREN,51.5,7.1,16,1.6,230,57,268,6.4,4.2,0.2,524,24,77,150,4.1,95,10.3,5.7,2.8,6.5,3.68,0.1,52.6,14
SNBS2022-003-018,Sierra Nevada,WARREN,49.5,7.4,13,1.6,219,74,138,7,4,0.2,579,30,84,147,5.2,93,11.5,5.2,3.2,6.4,4.01,0.09,52.8,46
SNBS2022-003-019,Sierra Nevada,WARREN,49,6.9,19,2.1,221,62,117,6.5,3.8,0.2,368,18,65,149,4.2,97,10.7,4.6,2.6,11.2,2.95,0.27,45,13
SNBS2022-003-020,Sierra Nevada,Wheeler,51.5,7.6,24,2.9,237,29,168,7.2,4.5,0.2,8513,25,285,148,4.4,99,10.1,5.6,3.3,7.9,1.79,0.17,45.5,18.6
SNBS2022-003-021,Sierra Nevada,Wheeler,56,8.2,23,2,131,63,214,7.6,4.4,0.2,563,20,65,154,5,98,9.9,5.8,2.9,8.3,2.85,0.15,52.7,5.6
SNBS2022-003-022,Sierra Nevada,Wheeler,50.5,8.3,23,2.3,246,36,177,7.4,4.4,0.2,1749,25,213,148,5.4,99,9.9,7.8,3.6,6.1,1.89,0.21,48.3,1.6
SNBS2022-003-023,Sierra Nevada,BUBBS,53,9.1,22,2.4,234,44,143,8.7,4.6,0.2,733,24,111,150,5,98,10.6,7,3.3,5,1.28,0.26,52,NA
SNBS2022-003-024,Sierra Nevada,BUBBS,48.5,7.5,23,1.7,191,82,244,7,3.9,0.2,658,26,87,148,5.5,95,10.6,5.5,2.8,4.6,3.82,0.12,53.9,16.5
SNBS2022-003-025,Sierra Nevada,Wheeler,50,7.9,26,2.1,203,76,237,7.5,4,0.2,251,24,104,145,5.5,96,10.3,6.3,3.1,2.9,3.21,0.12,51.6,23.6
SNBS2022-003-026,Sierra Nevada,Wheeler,52,8.1,27,2.1,171,102,225,7.3,4.2,0.2,258,19,94,151,5.2,98,10.5,7.3,3,2.9,3.2,0.15,55.3,NA
SNBS2022-003-027,Sierra Nevada,BUBBS,48.5,7.8,16,1.6,155,91,290,7.4,3.6,0.2,1820,14,84,149,4.7,93,11.4,6.8,2.9,4.7,2.74,0.09,56,<0.5
SNBS2022-003-028,Sierra Nevada,BUBBS,44.5,6.8,18,1.4,155,62,128,6.2,3.7,0.1,725,31,84,147,4.3,98,10.3,3.9,2.9,11.2,3.19,0.11,42.1,19.9
SNBS2022-003-029,Sierra Nevada,BUBBS,48.5,7.6,19,1.7,190,72,307,7,4,0.2,649,25,72,144,4.9,92,10.6,4,3,6.9,2.87,0.1,50,16.2
SNBS2022-003-030,Sierra Nevada,Williamson,45.5,7.6,13,2.2,182,83,225,7.1,4.2,0.3,393,14,69,147,4.8,98,10.7,2.7,3.1,8.8,3.61,0.16,45,NA
SNBS2022-003-031,Sierra Nevada,Williamson,50,6.9,16,1.7,229,110,254,6.2,3.9,0.2,1403,28,79,151,5.2,96,11,8.8,3.2,5.6,2.59,0.15,54.6,NA
SNBS2022-003-032,Sierra Nevada,Williamson,53,6.9,16,1.7,230,73,307,6.8,3.8,0.1,1093,33,91,151,4.4,94,10.9,9.2,3,5.1,3.09,0.15,56.3,4.9
SNBS2022-003-033,Sierra Nevada,Williamson,52,7.8,12,1.9,190,71,197,7.4,4.3,0.3,808,18,83,150,4.4,98,10.4,4.2,3.1,5.8,3.07,0.12,50.6,NA
SNBS2022-003-034,Sierra Nevada,Big Arroyo,NA,NA,NA,NA,NA,NA,NA,NA,NA,NA,NA,NA,NA,NA,NA,NA,NA,NA,NA,NA,NA,NA,NA,NA
SNBS2022-003-035,Sierra Nevada,Olancha,42.5,7.4,25,1.6,143,51,135,7,4,0.2,318,20,85,146,5.2,100,9.9,5.5,2.9,5.3,2.65,0.13,45.9,9.3
SNBS2022-003-036,Sierra Nevada,Big Arroyo,48.5,8.3,16,2.4,236,50,197,7.8,4.4,0.2,277,17,103,153,4.6,100,10.5,6.8,3,2.5,0.85,0.13,55.1,NA
SNBS2022-003-037,Sierra Nevada,Olancha,41.5,6.8,9,1.4,110,50,120,6.6,3.7,0.2,679,27,78,147,5.2,95,10.2,7.1,2.7,9,3,0.14,48.2,10.7
SNBS2022-003-038,Sierra Nevada,Olancha,51.5,9.9,20,2.2,173,28,161,9.4,4.6,0.2,384,32,102,158,5.7,100,10.6,8.5,3.6,2.1,1.79,0.13,61.6,NA
SNBS2022-003-039,Sierra Nevada,Big Arroyo,50.5,7.1,13,1.8,178,68,257,6.7,4.3,0.2,294,30,83,155,5.1,102,10.5,8,3.2,<2,1.93,0.11,56.1,9.2
SNBS2022-003-040,Sierra Nevada,Big Arroyo,41,6.2,23,2,109,74,86,5.9,3.8,0.3,1834,21,182,152,3.5,103,10.2,4.1,2.8,13.7,4.41,1.67,38.8,10.4
SNBS2022-003-041,Sierra Nevada,Olancha,44,6.5,5,1.6,149,58,118,5.9,3.6,0.2,295,32,103,153,5.6,97,10.1,7.9,3.3,5.5,2.58,0.12,56.1,34.5
SNBS2022-003-042,Sierra Nevada,Olancha,55,8.7,27,2.3,143,76,221,8.3,4.5,0.2,309,7,75,160,4.6,102,10.3,7.6,3.1,3.3,3.15,0.13,59.3,NA
SNBS2022-003-043,Sierra Nevada,Olancha,54,7.3,20,1.9,109,75,54,6.8,4.1,0.2,537,16,66,150,4.7,103,10.2,6.2,2.9,12.3,2.51,0.48,39.4,NA
SNBS2022-003-044,Sierra Nevada,Olancha,46,6.9,31,2.1,149,81,125,6.4,3.9,0.2,1111,13,83,152,5.1,102,9.8,6.9,2.6,9.8,2.76,0.3,45.3,NA
SNBS2022-003-045,Sierra Nevada,Olancha,44,7.6,21,1.8,128,69,49,7,4.1,0.2,408,23,93,152,4.2,104,9.9,3.6,2.8,9,2.77,0.74,43.2,6.3